"","Name","season","Games","wRC_CON","PA_G","zscore","zscore_everyday","Team","G","AB","PA","BB%","K%","K/PA","BB/K","OBP","SLG","OPS","ISO","BABIP","GB/FB","LD%","GB%","FB%","IFFB%","HR/FB","IFH%","BUH%","wOBA","wRAA","wRC","ValueW","Spd","Age","wRC+"
"1","Will Venable",2015,131,0.712,3,0.512097249504991,1.66364460409172,"- - -",135,349,390,0.0948718,0.269341,0.241026,0.393617,0.319588,0.34957,0.669158,0.106017,0.317269,2.7963,0.18,0.604,0.216,0.148148,0.111111,0.0662252,0.428571,0.29555,-5.50035,38.3747,1.20685,6.34417,32,86.8381
"2","Victor Martinez",2015,120,0.697,4,0.43122471308534,1.23434674565517,"Tigers",120,440,485,0.0639175,0.118182,0.107216,0.596154,0.301031,0.365909,0.66694,0.120455,0.252604,1.03922,0.210127,0.402532,0.387342,0.0718954,0.0718954,0.00628931,0,0.286145,-10.4847,44.0778,-1.97354,0.885045,36,77.2507
"3","Juan Uribe",2015,118,0.666,3.4,0.264088137818062,0.347131171552988,"- - -",119,360,397,0.0856423,0.222222,0.201511,0.425,0.319899,0.416667,0.736566,0.163889,0.28839,1.23529,0.188612,0.448399,0.362989,0.127451,0.137255,0.0555556,0,0.319413,1.97076,46.6333,1.86785,2.36443,36,104.352
"4","Carlos Beltran",2015,133,0.608,4,-0.0486190030045886,-1.31282054773498,"Yankees",133,478,531,0.0847458,0.177824,0.160075,0.529412,0.3371,0.470711,0.807811,0.194561,0.297368,0.830409,0.215539,0.35589,0.428571,0.0760234,0.111111,0.056338,0,0.346357,14.0682,73.8057,1.92062,1.52102,38,118.615
"5","Brandon Barnes",2015,95,0.687,3,0.377309688805573,NA,"Rockies",106,255,281,0.0747331,0.262745,0.238434,0.313433,0.314286,0.341176,0.655462,0.0901961,0.331551,1.36207,0.263441,0.424731,0.311828,0.103448,0.0344828,0.0886076,0.25,0.287245,-5.82784,25.7847,-0.642153,4.95701,29,61.8965
"6","Adrian Beltre",2015,143,0.638,4.3,0.113126069834713,-0.454224830861891,"Rangers",143,567,619,0.0662359,0.114638,0.105008,0.630769,0.33441,0.453263,0.787673,0.165785,0.294715,1.16484,0.227451,0.415686,0.356863,0.0824176,0.0989011,0.0896226,0,0.337122,11.8321,81.4696,4.62404,3.59112,36,107.606
"7","Torii Hunter",2015,139,0.691,4.1,0.39887569851748,1.06262760228056,"Twins",139,521,567,0.0617284,0.201536,0.185185,0.333333,0.292769,0.408829,0.701598,0.168906,0.258145,1.41259,0.172662,0.484412,0.342926,0.0979021,0.153846,0.0594059,0.25,0.304033,-4.15326,59.6342,0.485731,2.29037,39,89.8794
"8","David Ortiz",2015,146,0.639,4.2,0.11851757226269,-0.425604973632788,"Red Sox",146,528,614,0.125407,0.179924,0.154723,0.810526,0.359935,0.55303,0.912965,0.280303,0.264198,0.895028,0.223982,0.366516,0.409502,0.0662983,0.20442,0.0308642,0,0.378684,32.1274,101.202,2.81842,0.892393,39,137.568
"9","A.J. Pierzynski",2015,113,0.656,3.9,0.210173113538295,0.06093259926196,"Braves",113,407,436,0.043578,0.0909091,0.0848624,0.513514,0.33945,0.429975,0.769425,0.130221,0.31044,1.62617,0.246649,0.466488,0.286863,0.121495,0.0841122,0.0402299,0,0.33306,6.91894,55.9689,2.06196,1.73638,38,111.539
"10","Todd Frazier",2015,157,0.641,4.3,0.129300577118644,-0.368365259174582,"Reds",157,619,678,0.0648968,0.221325,0.202065,0.321168,0.308715,0.497577,0.806292,0.242326,0.270925,0.693965,0.191358,0.331276,0.477366,0.168103,0.150862,0.068323,0.75,0.342243,15.7341,92.0091,4.39211,3.69434,29,114.262
"11","Brandon Phillips",2015,148,0.664,4.2,0.253305132962108,0.289891457094783,"Reds",148,588,623,0.0433387,0.115646,0.109149,0.397059,0.327974,0.394558,0.722532,0.10034,0.315068,1.48101,0.249042,0.448276,0.302682,0.101266,0.0759494,0.0683761,0,0.315438,1.11393,71.2014,2.6,5.35404,34,95.891
"12","Marlon Byrd",2015,134,0.667,4.1,0.269479640246039,0.375751028782091,"- - -",135,506,544,0.0533088,0.286561,0.266544,0.2,0.290441,0.452569,0.74301,0.205534,0.297376,1.16541,0.213115,0.423497,0.363388,0.0451128,0.172932,0.0903226,0,0.316819,1.57319,62.7732,1.00908,3.93533,37,99.5734
"13","Jimmy Rollins",2015,141,0.692,4,0.404267200945456,1.09124745950966,"Dodgers",144,517,563,0.0781528,0.166344,0.152753,0.511628,0.284698,0.357834,0.642531,0.133462,0.245823,0.899441,0.190476,0.383333,0.42619,0.111732,0.0726257,0.0372671,0.153846,0.282821,-13.6663,49.6712,0.207808,5.08711,36,79.7908
"14","Aramis Ramirez",2015,137,0.659,3.8,0.226347620822225,0.146792170949269,"- - -",137,475,516,0.0600775,0.143158,0.131783,0.455882,0.296512,0.423158,0.71967,0.176842,0.253165,0.882023,0.186893,0.381068,0.432039,0.0842697,0.0955056,0.0254777,0,0.308707,-1.85238,56.1976,0.773471,2.02426,37,93.0176
"15","Ichiro Suzuki",2015,152,0.71,2.9,0.501314244649038,1.60640488963351,"Marlins",153,398,438,0.0707763,0.128141,0.116438,0.607843,0.281755,0.278894,0.56065,0.0502513,0.257143,2.51852,0.183381,0.584527,0.232092,0.0740741,0.0123457,0.0686274,0.428571,0.250236,-22.0362,27.2388,-0.772,6.13393,41,53.4038
"16","Albert Pujols",2015,157,0.633,4.2,0.0861685576948298,-0.597324117007405,"Angels",157,602,661,0.075643,0.119601,0.108926,0.694444,0.30711,0.480066,0.787177,0.23588,0.217039,0.991111,0.159475,0.418386,0.422139,0.0977778,0.177778,0.0269058,0,0.333183,10.5545,84.917,2.00003,2.67874,35,115.949
"17","Chris Johnson",2015,83,0.718,3.1,0.544446264072851,NA,"- - -",83,243,255,0.0392157,0.304527,0.290196,0.135135,0.286275,0.337449,0.623723,0.0823045,0.353293,1.5283,0.211765,0.476471,0.311765,0,0.0566038,0.037037,0,0.274043,-7.97852,20.709,-0.278488,2.28653,30,70.9588
"18","Alex Rodriguez",2015,151,0.641,4.1,0.129300577118644,-0.368365259174582,"Yankees",151,523,620,0.135484,0.277247,0.233871,0.57931,0.356452,0.48566,0.842111,0.235182,0.278409,1.11409,0.181818,0.431169,0.387013,0.0738255,0.221477,0.0421687,0,0.361005,23.683,93.433,2.6755,3.31874,39,128.723
"19","Mark Teixeira",2015,111,0.65,4.2,0.177824098970434,-0.110786544112657,"Yankees",111,392,462,0.127706,0.216837,0.183983,0.694118,0.357143,0.548469,0.905612,0.293367,0.245552,0.916667,0.189103,0.387821,0.423077,0.0909091,0.234848,0.0247934,0,0.38108,25.0584,77.0334,2.90084,2.05121,35,142.577
"20","Jayson Werth",2015,88,0.671,4.3,0.291045649957946,NA,"Nationals",88,331,378,0.100529,0.253776,0.222222,0.452381,0.301587,0.383686,0.685273,0.163142,0.253112,0.783784,0.217391,0.343874,0.438735,0.108108,0.108108,0.0229885,0,0.300235,-3.91605,38.609,-0.341944,2.98152,36,87.1656
"21","Wilson Ramos",2015,127,0.68,4,0.339569171809736,0.747809172760428,"Nationals",128,475,504,0.0416667,0.212632,0.200397,0.207921,0.257937,0.357895,0.615831,0.128421,0.256131,2.23158,0.196335,0.554974,0.248691,0.0631579,0.157895,0.0471698,0,0.26461,-19.5683,37.1317,0.355462,0.930901,27,62.7498
"22","Michael Cuddyer",2015,117,0.692,3.5,0.404267200945456,1.09124745950966,"Mets",117,379,408,0.0588235,0.23219,0.215686,0.272727,0.308824,0.390501,0.699325,0.131926,0.312057,1.65116,0.219178,0.486301,0.294521,0.127907,0.116279,0.126761,0,0.306357,-2.23095,43.669,-0.0348135,3.28423,36,97.3269
"23","Omar Infante",2015,122,0.692,3.7,0.404267200945456,1.09124745950966,"Royals",124,440,455,0.0197802,0.156818,0.151648,0.130435,0.233996,0.318182,0.552177,0.0977273,0.254692,1.09286,0.210243,0.412399,0.377358,0.1,0.0142857,0.0849673,0.166667,0.23757,-27.4966,23.6909,-0.872037,4.97523,33,43.8888
"24","Chase Utley",2015,107,0.702,4,0.458182225225224,1.37744603180069,"- - -",107,373,423,0.0756501,0.171582,0.1513,0.5,0.286052,0.343164,0.629216,0.131367,0.229773,1.20175,0.200637,0.436306,0.363057,0.0877193,0.0701754,0.0510949,0.333333,0.273949,-13.2666,34.3209,-0.0110234,4.35524,36,70.7194
"25","Jose Reyes",2015,116,0.649,4.5,0.172432596542457,-0.13940640134176,"- - -",116,481,519,0.0500963,0.128898,0.119461,0.419355,0.309804,0.378378,0.688182,0.10395,0.301205,1.22819,0.2,0.440964,0.359036,0.214765,0.0469799,0.0655738,0.1875,0.300453,-5.28642,53.1011,0.521712,5.63933,32,80.3918
"26","Jhonny Peralta",2015,155,0.629,4.1,0.0646025479829228,-0.711803545923816,"Cardinals",155,579,640,0.078125,0.19171,0.173438,0.45045,0.334375,0.411054,0.745429,0.136442,0.310722,1.41216,0.246835,0.440928,0.312236,0.0540541,0.114865,0.0574163,0,0.322514,4.76295,76.7629,1.70817,1.77665,33,104.719
"27","Miguel Cabrera",2015,119,0.599,4.3,-0.0971425248563792,-1.5703992627969,"Tigers",119,429,511,0.150685,0.191142,0.16047,0.939024,0.440313,0.5338,0.974113,0.195804,0.383686,1.28947,0.252149,0.421203,0.326648,0.0350877,0.157895,0.0204082,0,0.413315,40.8785,98.366,4.34267,1.89869,32,165.011
"28","David DeJesus",2015,108,0.716,2.9,0.533663259216898,1.77812403300813,"- - -",112,288,317,0.0662461,0.180556,0.164038,0.403846,0.29653,0.329861,0.626391,0.0972222,0.266094,1.33333,0.235294,0.436975,0.327731,0.0897436,0.0641026,0.0673077,0,0.277813,-8.96346,26.699,-0.343992,3.85834,35,76.5308
"29","Clint Barmes",2015,90,0.718,2.5,0.544446264072851,NA,"Padres",98,207,224,0.0446429,0.2657,0.245536,0.181818,0.280543,0.352657,0.6332,0.120773,0.302013,0.6,0.238095,0.285714,0.47619,0.0571429,0.0428571,0.0952381,0.25,0.274748,-6.88239,18.3176,0.0000424924,3.32606,36,75.0661
"30","Jonny Gomes",2015,95,0.682,2.8,0.35035217666569,NA,"- - -",95,225,262,0.118321,0.36,0.30916,0.382716,0.312977,0.346667,0.659644,0.133333,0.292857,0.861538,0.176871,0.380952,0.442177,0.153846,0.107692,0.160714,0,0.293906,-4.03915,25.4358,-0.947969,2.20517,34,84.4349
"31","Joe Mauer",2015,157,0.639,4.2,0.11851757226269,-0.425604973632788,"Twins",158,592,666,0.100601,0.189189,0.168168,0.598214,0.338346,0.380068,0.718413,0.114865,0.309474,2.76289,0.241164,0.557173,0.201663,0.0412371,0.103093,0.0410448,0.8,0.310598,-1.38475,73.5403,0.273478,2.78625,32,94.41
"32","Jose Bautista",2015,153,0.614,4.4,-0.0162699884367282,-1.14110140436036,"Blue Jays",153,543,666,0.165165,0.195212,0.159159,1.03774,0.376877,0.535912,0.912788,0.285451,0.237037,0.764977,0.139326,0.373034,0.48764,0.142857,0.184332,0.0361446,0,0.388507,40.0758,115.001,4.45237,4.48225,34,147.502
"33","Adam LaRoche",2015,126,0.695,3.8,0.420441708229387,1.17710703119697,"White Sox",127,429,484,0.10124,0.310023,0.274793,0.368421,0.293388,0.340326,0.633715,0.132867,0.269231,1.08547,0.175676,0.429054,0.39527,0.0598291,0.102564,0.015748,0,0.283097,-11.6418,42.8082,-1.41001,0.956349,35,74.8118
"34","Andres Blanco",2015,102,0.641,2.6,0.129300577118644,-0.368365259174582,"Phillies",106,233,261,0.0804598,0.188841,0.168582,0.477273,0.360465,0.502146,0.862611,0.2103,0.335165,1.34375,0.202128,0.457447,0.340426,0.140625,0.109375,0.104651,0.25,0.371641,12.188,41.5505,1.48665,4.23392,31,136.255
"35","Adrian Gonzalez",2015,155,0.643,4.1,0.140083581974597,-0.311125544716377,"Dodgers",156,571,643,0.096423,0.187391,0.166407,0.579439,0.350467,0.47986,0.830327,0.204904,0.29385,1.01754,0.259657,0.373391,0.366953,0.0701754,0.163743,0.0229885,0,0.354223,21.0771,93.4146,3.01858,1.22981,33,128.726
"36","Alex Rios",2015,105,0.68,3.9,0.339569171809736,0.747809172760428,"Royals",105,385,411,0.0364963,0.174026,0.163017,0.223881,0.287105,0.353247,0.640351,0.0987013,0.29375,1.04878,0.222222,0.398148,0.37963,0.0731707,0.0325203,0.0387597,0,0.278926,-11.256,34.9815,0.157605,5.60823,34,72.4286
"37","David Peralta",2015,145,0.632,3.6,0.080777055266853,-0.625943974236508,"Diamondbacks",149,462,517,0.0851064,0.231602,0.206963,0.411215,0.371373,0.521645,0.893018,0.209957,0.368116,1.95833,0.213296,0.520776,0.265928,0.0625,0.177083,0.0585106,1,0.379786,27.5071,85.6696,3.71912,5.63507,27,138.148
"38","Edwin Encarnacion",2015,146,0.587,4.3,-0.1618405539921,-1.91383754954614,"Blue Jays",146,528,624,0.123397,0.185606,0.157051,0.785714,0.371795,0.556818,0.928613,0.280303,0.266833,0.811224,0.193182,0.361364,0.445455,0.178571,0.19898,0.0440252,0,0.391518,39.0496,109.25,4.50875,2.38069,32,149.58
"39","Ryan Howard",2015,129,0.686,3.9,0.371918186377597,0.919528316135045,"Phillies",129,467,503,0.0536779,0.295503,0.274354,0.195652,0.276892,0.443255,0.720147,0.214133,0.271845,0.967213,0.277108,0.355422,0.36747,0.00819672,0.188525,0.0254237,0,0.307708,-2.20735,54.3801,-0.424505,1.70705,35,92.4379
"40","Grady Sizemore",2015,97,0.683,3.1,0.355743679093666,NA,"- - -",97,273,296,0.0675676,0.21978,0.202703,0.333333,0.307432,0.380952,0.688385,0.128205,0.302885,1.26027,0.228972,0.429907,0.341121,0.0821918,0.0821918,0.0217391,0,0.30216,-2.61114,30.6889,-0.63769,2.17678,32,91.5183
"41","Kelly Johnson",2015,107,0.685,3.1,0.36652668394962,0.890908458905942,"- - -",111,310,335,0.0686567,0.26129,0.241791,0.283951,0.314371,0.435484,0.749855,0.170968,0.314815,1.34667,0.234783,0.43913,0.326087,0.0933333,0.186667,0.118812,0,0.323385,2.72628,40.4138,0.264164,2.37479,33,106.603
"42","Carlos Santana",2015,154,0.606,4.3,-0.059402007860542,-1.37006026219318,"Indians",154,550,666,0.162162,0.221818,0.183183,0.885246,0.357357,0.394545,0.751903,0.163636,0.26087,1.2,0.183295,0.445476,0.37123,0.1875,0.11875,0.046875,1,0.330582,9.25008,84.1751,2.36662,3.93226,29,109.635
"43","Nelson Cruz",2015,152,0.598,4.3,-0.102534027284356,-1.599019120026,"Mariners",152,590,655,0.0900763,0.277966,0.250382,0.359756,0.369466,0.566102,0.935567,0.264407,0.349869,1.34483,0.203747,0.456674,0.339578,0.103448,0.303448,0.0717949,0,0.39599,43.3302,117.018,4.81843,2.459,34,157.984
"44","Pedro Alvarez",2015,149,0.669,3.3,0.280262645101992,0.432990743240297,"Pirates",150,437,491,0.0977597,0.299771,0.266802,0.366412,0.317719,0.469108,0.786826,0.226545,0.279152,1.96386,0.203883,0.527508,0.268608,0.0722892,0.325301,0.0368098,0,0.332633,7.62428,62.8618,0.244481,2.36504,28,113.705
"45","Lucas Duda",2015,135,0.671,4.1,0.291045649957946,0.490230457698502,"Mets",135,471,554,0.119134,0.292994,0.249097,0.478261,0.351986,0.4862,0.838185,0.242038,0.28479,0.541176,0.220238,0.27381,0.505952,0.0764706,0.158824,0.0543478,0,0.358762,20.169,82.494,3.05342,1.45754,29,133.243
"46","Yonder Alonso",2015,102,0.607,3.9,-0.0540105054325653,-1.34144040496408,"Padres",103,354,402,0.104478,0.135593,0.119403,0.875,0.360697,0.381356,0.742052,0.0988701,0.3125,1.76744,0.229773,0.491909,0.278317,0.104651,0.0581395,0.0460526,0,0.326861,4.38804,49.613,1.0981,2.79778,28,110.782
"47","Peter Bourjos",2015,92,0.709,2.4,0.495922742221061,NA,"Cardinals",117,195,225,0.0844444,0.302564,0.262222,0.322034,0.289593,0.333333,0.622926,0.133333,0.263158,1.40426,0.162963,0.488889,0.348148,0.212766,0.0851064,0.030303,0,0.271175,-7.55543,17.7571,-0.456384,6.96372,28,69.5339
"48","Carlos Ruiz",2015,86,0.697,3.7,0.43122471308534,NA,"Phillies",86,284,320,0.0875,0.151408,0.134375,0.651163,0.290221,0.285211,0.575432,0.0739437,0.241667,1.32099,0.22314,0.442149,0.334711,0.0864198,0.0246914,0.0560748,0,0.258867,-13.8928,22.1072,-0.461309,2.51384,36,58.9642
"49","Brandon Guyer",2015,124,0.675,3.1,0.312611659669853,0.604709886614914,"Rays",128,332,385,0.0649351,0.183735,0.158442,0.409836,0.358639,0.412651,0.771289,0.14759,0.30303,1.27957,0.211896,0.442379,0.345725,0.172043,0.0860215,0.0672269,0,0.342161,8.90941,52.2219,2.37479,5.63465,29,120.579
"50","Travis Snider",2015,87,0.7,3,0.44739922036927,NA,"- - -",87,237,265,0.0981132,0.278481,0.249057,0.393939,0.313208,0.350211,0.663419,0.118143,0.305389,1.5,0.210526,0.473684,0.315789,0.12963,0.0740741,0.0987654,0,0.292912,-4.29603,25.5165,0.0509025,3.78947,27,81.2274
"51","Angel Pagan",2015,133,0.655,4.1,0.204781611110318,0.0323127420328572,"Giants",133,512,551,0.0580762,0.181641,0.168784,0.344086,0.303085,0.332031,0.635117,0.0703125,0.310427,1.24828,0.232941,0.425882,0.341176,0.0206897,0.0206897,0.0441989,0,0.280046,-14.5969,47.3906,-0.54585,4.86993,33,81.158
"52","Michael Morse",2015,98,0.7,2.6,0.44739922036927,NA,"- - -",98,229,256,0.0898438,0.331878,0.296875,0.302632,0.3125,0.336245,0.648745,0.104803,0.324324,3.22222,0.254902,0.568627,0.176471,0,0.185185,0.0344828,0,0.291474,-4.44414,24.3559,-0.468012,1.31011,33,82.8934
"53","Mike Napoli",2015,129,0.697,3.6,0.43122471308534,1.23434674565517,"- - -",133,407,469,0.121535,0.289926,0.251599,0.483051,0.324094,0.410319,0.734413,0.186732,0.268382,1.0082,0.155172,0.424138,0.42069,0.114754,0.147541,0.113821,0,0.321158,2.9824,55.7449,0.663955,2.38873,33,97.6747
"54","Mitch Moreland",2015,132,0.651,3.9,0.183215601398411,-0.0821666868835541,"Rangers",132,471,515,0.0621359,0.237792,0.217476,0.285714,0.330097,0.481953,0.81205,0.203822,0.316716,1.31746,0.197802,0.456044,0.346154,0.111111,0.18254,0.0240964,0,0.347758,14.2211,72.1586,2.14283,1.51151,29,114.947
"55","Gregor Blanco",2015,110,0.636,3.4,0.10234306497876,-0.511464545320097,"Giants",115,327,372,0.107527,0.180428,0.158602,0.677966,0.36828,0.412844,0.781124,0.122324,0.338346,1.49367,0.242308,0.453846,0.303846,0.113924,0.0632911,0.0762712,0.545455,0.336921,7.05102,48.901,2.32651,6.25506,31,120.138
"56","Shin-Soo Choo",2015,149,0.615,4.4,-0.0108784860087514,-1.11248154713126,"Rangers",149,555,653,0.116386,0.264865,0.225115,0.517007,0.374808,0.463063,0.837871,0.187387,0.335038,1.78632,0.206813,0.508516,0.284672,0.025641,0.188034,0.0334928,0.5,0.365021,27.0393,100.502,3.50123,3.88332,32,126.86
"57","Brayan Pena",2015,107,0.693,3.4,0.409658703373433,1.11986731673876,"Reds",108,333,367,0.0790191,0.102102,0.0926431,0.852941,0.334247,0.324324,0.658571,0.0510511,0.303333,1.91139,0.222973,0.510135,0.266892,0.126582,0,0.0529801,0.333333,0.29452,-5.4778,35.8097,0.187228,1.81062,33,81.5553
"58","Welington Castillo",2015,110,0.694,3.4,0.41505020580141,1.14848717396786,"- - -",110,342,378,0.0661376,0.269006,0.243386,0.271739,0.296296,0.453216,0.749513,0.216374,0.262712,1.05941,0.184314,0.419608,0.396078,0.0891089,0.188119,0.0280374,0,0.320928,2.33407,44.8591,1.26219,1.92016,28,98.7288
"59","Robinson Cano",2015,156,0.661,4.3,0.237130625678178,0.204031885407474,"Mariners",156,624,674,0.0637982,0.171474,0.158754,0.401869,0.333828,0.445513,0.779341,0.158654,0.316,1.99242,0.241843,0.504798,0.253359,0.0454545,0.159091,0.0342205,0,0.335238,11.8688,87.6938,2.11529,2.3058,32,116.059
"60","Martin Prado",2015,129,0.645,4.3,0.150866586830551,-0.253885830258171,"Marlins",129,500,551,0.0671506,0.136,0.123412,0.544118,0.338182,0.394,0.732182,0.106,0.313225,1.56061,0.231818,0.468182,0.3,0.136364,0.0681818,0.0436893,0,0.317659,1.96323,63.9507,3.13593,2.50855,31,99.6124
"61","Alberto Callaspo",2015,97,0.674,2.7,0.307220157241876,NA,"- - -",97,230,261,0.10728,0.147826,0.130268,0.823529,0.315385,0.278261,0.593646,0.0434783,0.269036,1.04167,0.253807,0.380711,0.365482,0.0833333,0.0138889,0.04,0,0.269969,-9.01599,20.3465,-0.42641,0.983907,32,69.7112
"62","Matt Joyce",2015,91,0.732,3.1,0.619927298064526,NA,"Angels",93,247,284,0.105634,0.271255,0.235915,0.447761,0.272085,0.291498,0.563583,0.117409,0.214689,0.973684,0.175824,0.406593,0.417582,0.105263,0.0657895,0.108108,0,0.254636,-13.2898,18.6602,-1.36834,2.06205,30,61.7437
"63","Miguel Montero",2015,113,0.679,3.6,0.334177669381759,0.719189315531325,"Cubs",113,347,403,0.121588,0.29683,0.255583,0.475728,0.344913,0.409222,0.754135,0.161383,0.306034,1.19048,0.255061,0.404858,0.340081,0.0238095,0.178571,0.07,0,0.328496,4.92559,50.2631,2.03576,1.20197,31,106.964
"64","Alejandro De Aza",2015,108,0.651,3.4,0.183215601398411,-0.0821666868835541,"- - -",114,325,365,0.0849315,0.258462,0.230137,0.369048,0.333333,0.421538,0.754872,0.16,0.330508,1.03448,0.233766,0.38961,0.376623,0.0229885,0.0804598,0.133333,0.285714,0.325999,3.73284,44.7953,1.22419,6.45384,31,104.192
"65","Nick Hundley",2015,103,0.631,3.8,0.0753855528388763,-0.654563831465611,"Rockies",103,366,389,0.0539846,0.20765,0.195373,0.276316,0.339332,0.467213,0.806545,0.166667,0.355872,1.25253,0.225694,0.430556,0.34375,0.121212,0.10101,0.0967742,0.333333,0.347888,10.7819,54.5444,2.2784,4.63293,31,103.459
"66","Cliff Pennington",2015,96,0.709,2.6,0.495922742221061,NA,"- - -",105,210,249,0.108434,0.233333,0.196787,0.55102,0.297521,0.280952,0.578473,0.0714286,0.253086,1.38,0.242038,0.43949,0.318471,0.14,0.06,0,0.4,0.260215,-10.5421,17.4704,-0.404186,3.68517,31,57.2192
"67","Ryan Braun",2015,140,0.619,4.1,0.0106875237031555,-0.998002118214845,"Brewers",140,506,568,0.0950704,0.227273,0.202465,0.469565,0.356261,0.498024,0.854285,0.213439,0.322493,1.59836,0.193384,0.496183,0.310433,0.0327869,0.204918,0.0717949,0,0.365794,23.8704,87.7704,2.83941,6.32086,31,129.101
"68","Anthony Rizzo",2015,160,0.591,4.4,-0.140274544280193,-1.79935812062972,"Cubs",160,586,701,0.11127,0.179181,0.149786,0.742857,0.386591,0.511945,0.898536,0.233788,0.28884,0.792453,0.218107,0.345679,0.436214,0.103774,0.146226,0.047619,0.5,0.383867,39.5829,118.445,5.4705,4.85588,25,144.913
"69","Eric Hosmer",2015,156,0.594,4.3,-0.124100036996263,-1.71349854894242,"Royals",158,599,667,0.0914543,0.180301,0.161919,0.564815,0.363363,0.459098,0.822462,0.161937,0.336134,2.12605,0.23614,0.519507,0.244353,0.10084,0.151261,0.0592885,0.5,0.354537,22.0311,97.0686,3.50674,4.87839,25,124.608
"70","Troy Tulowitzki",2015,128,0.631,4.2,0.0753855528388763,-0.654563831465611,"- - -",128,486,534,0.071161,0.234568,0.213483,0.333333,0.337079,0.440329,0.777408,0.160494,0.331476,1.10791,0.220745,0.409574,0.369681,0.129496,0.122302,0.0649351,0,0.334669,9.16049,69.2355,2.33089,2.61481,30,99.8581
"71","Rene Rivera",2015,101,0.694,3.2,0.41505020580141,1.14848717396786,"Rays",110,298,319,0.0344828,0.288591,0.269592,0.127907,0.213376,0.275168,0.488544,0.0973154,0.229665,0.84375,0.172897,0.378505,0.448598,0.135417,0.0520833,0.037037,0,0.215197,-24.9805,10.907,-0.907034,0.683111,31,32.9608
"72","Rajai Davis",2015,106,0.666,3.5,0.264088137818062,0.347131171552988,"Tigers",112,341,370,0.0594595,0.222874,0.205405,0.289474,0.306233,0.439883,0.746116,0.181818,0.307692,1.31818,0.224335,0.441065,0.334601,0.181818,0.0909091,0.103448,0.166667,0.320074,2.03219,43.6572,1.77445,8.13148,34,100.665
"73","J.J. Hardy",2015,113,0.661,3.9,0.237130625678178,0.204031885407474,"Orioles",114,411,437,0.0457666,0.214112,0.201373,0.227273,0.252874,0.311436,0.564309,0.0924574,0.257053,1.49074,0.174847,0.493865,0.331288,0.101852,0.0740741,0.068323,0.333333,0.247685,-22.8767,26.2857,-0.0257185,1.78501,32,49.3788
"74","Chris Young",2015,115,0.733,3.1,0.625318800492502,2.26466160590287,"Yankees",140,318,356,0.0842697,0.22956,0.205056,0.410959,0.320113,0.45283,0.772943,0.201258,0.283262,0.758621,0.174089,0.356275,0.469636,0.189655,0.12069,0.159091,0,0.332355,5.44899,45.499,1.17181,4.42017,31,108.952
"75","Josh Reddick",2015,149,0.641,3.9,0.129300577118644,-0.368365259174582,"Athletics",149,526,582,0.0841924,0.123574,0.111684,0.753846,0.332756,0.448669,0.781425,0.176806,0.277652,0.946809,0.209503,0.384449,0.406048,0.0904255,0.106383,0.0898876,0,0.33829,11.6682,77.1432,2.95302,4.80277,28,117.091
"76","Melky Cabrera",2015,158,0.654,4.3,0.199390108682341,0.00369288480375438,"White Sox",158,629,683,0.0585652,0.139905,0.128843,0.454545,0.314244,0.394277,0.70852,0.120827,0.296846,1.54878,0.238616,0.462659,0.298725,0.0914634,0.0731707,0.0551181,0,0.306619,-3.59148,73.246,-0.316505,3.09784,30,91.0442
"77","Dexter Fowler",2015,156,0.635,4.4,0.0969515625507832,-0.540084402549199,"Cubs",156,596,690,0.121739,0.258389,0.223188,0.545455,0.34593,0.411074,0.757004,0.161074,0.308411,1.1875,0.202733,0.432802,0.364465,0.0625,0.10625,0.0526316,0.375,0.332711,10.757,88.382,3.20248,6.56678,29,109.852
"78","Erick Aybar",2015,156,0.673,4.1,0.301828654813899,0.547470172156708,"Angels",156,597,638,0.039185,0.122278,0.11442,0.342466,0.301109,0.338358,0.639468,0.0686767,0.30038,1.99248,0.210317,0.525794,0.263889,0.0526316,0.0225564,0.0566038,0.34375,0.280475,-16.6827,55.0923,0.952392,4.57493,31,79.5753
"79","Michael Brantley",2015,137,0.588,4.4,-0.156449051564123,-1.88521769231703,"Indians",137,529,596,0.100671,0.0964083,0.0855705,1.17647,0.379195,0.480151,0.859346,0.170132,0.318376,1.44737,0.225,0.458333,0.316667,0.0526316,0.0986842,0.0545455,0.666667,0.367805,26.0047,93.0547,3.84725,3.9921,28,135.323
"80","Yunel Escobar",2015,138,0.613,4.3,-0.0216614908647049,-1.16972126158946,"Nationals",139,535,591,0.0761421,0.130841,0.118443,0.642857,0.374576,0.414953,0.78953,0.100935,0.347162,2.35185,0.223176,0.545064,0.23176,0.0555556,0.0833333,0.0629921,0.5,0.348121,16.4908,82.9783,2.09773,2.45642,32,119.984
"81","Ryan Zimmerman",2015,95,0.65,4.1,0.177824098970434,NA,"Nationals",95,346,390,0.0846154,0.228324,0.202564,0.417722,0.307692,0.465318,0.77301,0.216763,0.268199,1.38144,0.166065,0.483755,0.350181,0.0412371,0.164948,0.0746269,0,0.328682,4.82453,48.6995,0.62389,2.82801,30,106.662
"82","Howie Kendrick",2015,117,0.642,4.2,0.13469207954662,-0.33974540194548,"Dodgers",117,464,495,0.0545455,0.176724,0.165657,0.329268,0.336032,0.409483,0.745515,0.114224,0.342246,3.51562,0.245431,0.587467,0.167102,0,0.140625,0.0844444,0,0.32518,4.73849,60.426,2.09422,4.30154,31,108.822
"83","Stephen Drew",2015,126,0.707,3.4,0.485139737365107,1.5205453179462,"Yankees",131,383,428,0.0864486,0.185379,0.165888,0.521127,0.271226,0.381201,0.652427,0.180157,0.201342,0.808219,0.15655,0.376997,0.466454,0.130137,0.116438,0.0762712,0,0.283982,-9.99232,38.1577,0.168222,2.11495,32,75.5695
"84","Joey Votto",2015,158,0.534,4.4,-0.447590182674866,-3.43068998268858,"Reds",158,545,695,0.205755,0.247706,0.194245,1.05926,0.458993,0.541284,1.00028,0.227523,0.370757,1.28358,0.25,0.421569,0.328431,0.0149254,0.216418,0.0174419,0.5,0.426902,63.1432,141.331,7.39878,3.69118,31,172.284
"85","Daniel Murphy",2015,130,0.649,4.1,0.172432596542457,-0.13940640134176,"Mets",130,499,538,0.0576208,0.0761523,0.070632,0.815789,0.321561,0.448898,0.770459,0.168337,0.278146,1.19048,0.211991,0.428266,0.359743,0.10119,0.0833333,0.035,0,0.324719,4.95182,65.4768,2.51274,2.7392,30,109.911
"86","Scott Van Slyke",2015,92,0.716,2.8,0.533663259216898,NA,"Dodgers",96,222,253,0.0909091,0.279279,0.245059,0.370968,0.31746,0.382883,0.700343,0.144144,0.299363,0.913043,0.190184,0.386503,0.423313,0.188406,0.0869565,0.111111,0,0.305372,-1.58253,26.88,1.15331,2.55783,28,95.246
"87","Chris Denorfia",2015,95,0.676,2.4,0.318003162097829,NA,"Cubs",103,212,231,0.0649351,0.264151,0.242424,0.267857,0.318777,0.372642,0.691419,0.103774,0.350649,2.07895,0.245161,0.509677,0.245161,0,0.0789474,0.0886076,0,0.302358,-2.00126,23.9862,0.767335,2.20674,34,89.0499
"88","Brandon Moss",2015,145,0.69,3.6,0.393484196089503,1.03400774505145,"- - -",145,469,526,0.0931559,0.315565,0.281369,0.331081,0.304182,0.407249,0.711432,0.181237,0.285246,0.690789,0.204334,0.325077,0.470588,0.0657895,0.125,0.0952381,1,0.308062,-2.15957,57.0154,0.571825,2.00229,31,94.3051
"89","James Loney",2015,104,0.678,3.7,0.328786166953783,0.690569458302222,"Rays",104,361,388,0.0592784,0.0941828,0.0876289,0.676471,0.322165,0.357341,0.679506,0.0775623,0.297546,1.27523,0.248485,0.421212,0.330303,0.0642202,0.0366972,0.028777,0,0.29449,-5.80078,37.8492,-1.25284,1.32658,31,87.6808
"90","Starlin Castro",2015,151,0.694,3.8,0.41505020580141,1.14848717396786,"Cubs",151,547,578,0.0363322,0.166362,0.157439,0.230769,0.29636,0.374771,0.671132,0.109689,0.298441,1.87218,0.169565,0.541304,0.28913,0.112782,0.0827068,0.0963855,1,0.288448,-11.4316,53.5934,0.798348,3.12492,25,79.517
"91","Prince Fielder",2015,158,0.603,4.4,-0.0755765151444722,-1.45591983388049,"Rangers",158,613,693,0.0923521,0.143556,0.126984,0.727273,0.378066,0.463295,0.841362,0.158238,0.323471,1.30319,0.183019,0.462264,0.354717,0.0531915,0.12234,0.0408163,0,0.360399,26.136,104.099,1.6163,1.02553,31,123.67
"92","Russell Martin",2015,127,0.652,4,0.188607103826388,-0.0535468296544513,"Blue Jays",129,441,507,0.104536,0.240363,0.209073,0.5,0.329389,0.45805,0.787438,0.217687,0.26183,1.53153,0.16369,0.505952,0.330357,0.189189,0.207207,0.0647059,0.25,0.340184,10.9316,67.9691,3.45842,4.01836,32,114.154
"93","Ben Revere",2015,151,0.629,4.2,0.0646025479829228,-0.711803545923816,"- - -",152,592,634,0.0504732,0.108108,0.100946,0.5,0.341812,0.376689,0.718502,0.0709459,0.338374,2.88889,0.263862,0.546845,0.189293,0.040404,0.020202,0.115385,0.307692,0.315527,1.17892,72.5039,1.871,6.94932,27,97.5671
"94","Chase Headley",2015,154,0.66,4.2,0.231739123250202,0.175412028178371,"Yankees",156,580,642,0.0794393,0.232759,0.21028,0.377778,0.323988,0.368966,0.692953,0.110345,0.317352,1.41912,0.265625,0.430804,0.303571,0.117647,0.0808824,0.0569948,1,0.306558,-3.40749,68.8175,1.51384,2.34667,31,91.149
"95","Jacoby Ellsbury",2015,110,0.653,4.6,0.193998606254364,-0.0249269724253484,"Yankees",111,452,501,0.0698603,0.190265,0.171657,0.406977,0.317907,0.345133,0.66304,0.0884956,0.301105,1.47788,0.241192,0.452575,0.306233,0.106195,0.0619469,0.0898204,0,0.294163,-7.62096,48.7415,0.858899,5.70027,31,82.5954
"96","Curtis Granderson",2015,157,0.604,4.3,-0.0701850127164955,-1.42729997665139,"Mets",157,580,682,0.133431,0.260345,0.221408,0.602649,0.363636,0.456897,0.820533,0.198276,0.304668,0.730769,0.270833,0.30787,0.421296,0.0769231,0.142857,0.0676692,1,0.356709,23.7102,100.435,5.12866,4.20259,34,131.836
"97","Jeff Francoeur",2015,116,0.691,3,0.39887569851748,1.06262760228056,"Phillies",119,326,343,0.0379009,0.236196,0.22449,0.168831,0.285714,0.432515,0.71823,0.174847,0.297071,1.08696,0.238095,0.396825,0.365079,0.0978261,0.141304,0.06,0,0.308323,-1.33656,37.2509,-0.655017,2.30455,31,92.8596
"98","Brian McCann",2015,135,0.667,4,0.269479640246039,0.375751028782091,"Yankees",135,465,535,0.0971963,0.208602,0.181308,0.536082,0.319626,0.436559,0.756185,0.204301,0.234957,0.765714,0.167116,0.361186,0.471698,0.08,0.148571,0.0373134,0.75,0.326739,5.78768,65.9752,2.93609,1.97681,31,105.076
"99","Carlos Gomez",2015,114,0.681,4.2,0.344960674237713,0.776429029989531,"- - -",115,435,477,0.0649895,0.232184,0.21174,0.306931,0.314346,0.409195,0.723541,0.154023,0.306502,1.12097,0.193252,0.42638,0.380368,0.120968,0.0967742,0.0719424,0.75,0.315473,0.86624,54.5287,2.57828,5.1225,29,95.7054
"100","Mike Moustakas",2015,146,0.636,4.2,0.10234306497876,-0.511464545320097,"Royals",147,549,614,0.0700326,0.138434,0.123778,0.565789,0.347541,0.469945,0.817486,0.185792,0.29386,0.964286,0.187764,0.398734,0.413502,0.153061,0.112245,0.037037,0.375,0.353249,19.6486,88.7235,3.75121,1.94725,26,123.719
"101","Ender Inciarte",2015,132,0.64,4.2,0.123909074690667,-0.396985116403685,"Diamondbacks",132,524,561,0.0463458,0.110687,0.103387,0.448276,0.338104,0.408397,0.746501,0.104962,0.329032,2.02542,0.217105,0.524123,0.258772,0.0847458,0.0508475,0.0753138,0.470588,0.324852,5.22303,68.3355,3.30301,6.02466,24,100.498
"102","Jason Heyward",2015,153,0.641,4,0.129300577118644,-0.368365259174582,"Cardinals",154,547,610,0.0918033,0.164534,0.147541,0.622222,0.358553,0.438757,0.797309,0.146252,0.328859,2.43519,0.193478,0.571739,0.234783,0.12037,0.12037,0.0798479,0,0.345571,15.7785,84.4035,6.04661,6.00352,25,120.522
"103","Asdrubal Cabrera",2015,142,0.651,3.9,0.183215601398411,-0.0821666868835541,"Rays",143,505,551,0.0653358,0.211881,0.194192,0.336449,0.314545,0.429703,0.744248,0.164356,0.305913,0.820809,0.206549,0.357683,0.435768,0.121387,0.0867052,0.056338,0.625,0.3187,2.42141,64.4089,2.21664,4.98879,29,104.388
"104","Luis Valbuena",2015,131,0.697,3.8,0.43122471308534,1.23434674565517,"Astros",132,434,493,0.10142,0.24424,0.21501,0.471698,0.310345,0.437788,0.748133,0.214286,0.235294,0.746667,0.206061,0.339394,0.454545,0.0933333,0.166667,0.0625,0,0.324744,4.54734,60.0098,1.18177,2.18673,29,104.762
"105","Stephen Vogt",2015,136,0.681,3.8,0.344960674237713,0.776429029989531,"Athletics",136,445,511,0.109589,0.217978,0.189824,0.57732,0.340509,0.442697,0.783205,0.182022,0.289941,0.930556,0.219101,0.376404,0.404494,0.0486111,0.125,0.0671642,0,0.335245,9.00139,66.4889,2.29198,2.69136,30,114.99
"106","Melvin Upton Jr.",2015,85,0.704,2.7,0.468965230081177,NA,"Padres",87,205,228,0.0921053,0.302439,0.27193,0.33871,0.327434,0.429268,0.756702,0.170732,0.347826,1.20833,0.242857,0.414286,0.342857,0.208333,0.104167,0.0689655,0.4,0.325959,2.32445,27.9745,1.57927,6.66322,30,110.164
"107","Josh Donaldson",2015,158,0.584,4.5,-0.17801506127603,-1.99969712123344,"Blue Jays",158,620,711,0.102672,0.214516,0.18706,0.548872,0.370945,0.567742,0.938687,0.270968,0.313596,1.18085,0.173387,0.447581,0.379032,0.0957447,0.218085,0.0495495,0.333333,0.397607,47.9535,127.941,8.74217,4.47594,29,153.782
"108","Anthony Gose",2015,130,0.651,4.1,0.183215601398411,-0.0821666868835541,"Tigers",140,485,535,0.0841122,0.298969,0.271028,0.310345,0.320826,0.36701,0.687836,0.113402,0.352239,2.14815,0.208075,0.540373,0.251553,0.0740741,0.0617284,0.0632184,0.4,0.304022,-3.92367,56.2638,0.350735,7.49194,24,89.5871
"109","Alexei Ramirez",2015,154,0.676,4,0.318003162097829,0.633329743844017,"White Sox",154,583,622,0.0498392,0.116638,0.109325,0.455882,0.285024,0.356775,0.641799,0.108062,0.264188,1.69536,0.2158,0.493256,0.290944,0.112583,0.0662252,0.0820312,0.333333,0.278821,-17.0864,52.8886,-0.464505,3.76567,33,71.8609
"110","Alex Gordon",2015,104,0.634,4.1,0.0915600601228065,-0.568704259778302,"Royals",104,354,422,0.116114,0.259887,0.218009,0.532609,0.376777,0.432203,0.808981,0.161017,0.326772,1,0.24812,0.37594,0.37594,0.08,0.13,0.07,1,0.350883,12.7067,60.1817,2.78855,1.5384,31,122.087
"111","Justin Upton",2015,149,0.662,4.2,0.242522128106155,0.232651742636577,"Padres",150,542,620,0.109677,0.293358,0.256452,0.427673,0.336026,0.453875,0.7899,0.202952,0.303867,0.877193,0.17268,0.386598,0.440722,0.0643275,0.152047,0.1,0,0.339794,13.175,82.925,3.56121,5.66787,27,119.646
"112","Cameron Maybin",2015,136,0.628,4.1,0.0592110455549461,-0.740423403152919,"Braves",141,505,555,0.0810811,0.20198,0.183784,0.441176,0.326715,0.370297,0.697012,0.10297,0.315657,2.88889,0.220297,0.579208,0.200495,0.123457,0.123457,0.0726496,0.333333,0.307197,-2.6622,59.7753,1.00558,5.35024,28,93.8135
"113","Justin Turner",2015,126,0.643,3.5,0.140083581974597,-0.311125544716377,"Dodgers",126,385,439,0.0820046,0.184416,0.161731,0.507042,0.369863,0.490909,0.860772,0.197403,0.321192,1,0.27673,0.361635,0.361635,0.0782609,0.13913,0.0347826,0,0.371475,20.442,69.8295,3.99102,3.59331,30,140.55
"114","Brett Lawrie",2015,148,0.661,4.1,0.237130625678178,0.204031885407474,"Athletics",149,562,602,0.0465116,0.256228,0.239203,0.194444,0.298831,0.407473,0.706305,0.147687,0.320197,1.49275,0.184834,0.488152,0.327014,0.057971,0.115942,0.116505,0,0.305544,-3.68281,64.0422,0.648397,3.97148,25,94.4928
"115","Francisco Cervelli",2015,129,0.629,4,0.0646025479829228,-0.711803545923816,"Pirates",130,451,510,0.0901961,0.208426,0.184314,0.489362,0.369565,0.40133,0.770896,0.10643,0.358974,1.9375,0.210084,0.521008,0.268908,0.03125,0.0729167,0.0537634,0,0.34068,11.1983,68.5733,3.81321,3.55062,29,119.22
"116","Aaron Hicks",2015,96,0.646,4.1,0.156258089258527,NA,"Twins",97,352,390,0.0871795,0.1875,0.169231,0.515152,0.323077,0.397727,0.720804,0.142045,0.285199,1.18182,0.228571,0.417857,0.353571,0.10101,0.111111,0.0769231,0.625,0.314403,0.375015,44.25,1.54142,5.9947,25,97.0362
"117","Brandon Crawford",2015,143,0.634,3.9,0.0915600601228065,-0.568704259778302,"Giants",143,507,561,0.0695187,0.234714,0.212121,0.327731,0.320856,0.461538,0.782394,0.205128,0.293801,1.42308,0.188144,0.476804,0.335052,0.0615385,0.161538,0.0432432,0.75,0.331755,8.31764,71.4301,4.676,4.466,28,116.597
"118","Yangervis Solarte",2015,152,0.675,3.8,0.312611659669853,0.604709886614914,"Padres",152,526,571,0.0595447,0.106464,0.0980736,0.607143,0.319859,0.427757,0.747616,0.157795,0.278867,1.17714,0.192797,0.436441,0.370763,0.108571,0.08,0.0485437,0,0.324366,5.09448,69.332,1.63763,3.35064,27,109.072
"119","Freddie Freeman",2015,117,0.632,4.1,0.080777055266853,-0.625943974236508,"Braves",118,416,481,0.116424,0.235577,0.203742,0.571429,0.370062,0.471154,0.841216,0.194712,0.321192,1.02632,0.278125,0.365625,0.35625,0.0614035,0.157895,0.034188,0,0.363721,19.4174,73.5299,3.40467,2.62041,25,132.553
"120","Juan Lagares",2015,126,0.694,3.7,0.41505020580141,1.14848717396786,"Mets",143,441,465,0.0344086,0.197279,0.187097,0.183908,0.288793,0.358277,0.64707,0.0997732,0.307692,1.77064,0.142045,0.548295,0.309659,0.110092,0.0550459,0.0880829,0.5,0.280483,-12.1564,40.1561,0.973858,5.32704,26,79.5938
"121","Pablo Sandoval",2015,126,0.667,4,0.269479640246039,0.375751028782091,"Red Sox",126,470,505,0.049505,0.155319,0.144554,0.342466,0.291667,0.365957,0.657624,0.121277,0.269923,1.51163,0.18797,0.488722,0.323308,0.131783,0.0775194,0.0410256,0,0.287774,-10.2601,46.5524,-1.96556,1.6044,28,74.8304
"122","Jose Altuve",2015,154,0.627,4.5,0.0538195431269694,-0.769043260382022,"Astros",154,638,689,0.0478955,0.105016,0.0972424,0.492537,0.35277,0.459248,0.812017,0.145768,0.329181,1.32673,0.181185,0.466899,0.351916,0.0841584,0.0742574,0.126866,0.5,0.347253,18.7475,96.26,4.29708,5.85409,25,120.296
"123","Elian Herrera",2015,81,0.678,3.4,0.328786166953783,NA,"Brewers",83,256,277,0.064982,0.28125,0.259928,0.25,0.289855,0.394531,0.684386,0.152344,0.307263,0.985714,0.248649,0.372973,0.378378,0.0285714,0.1,0.0289855,0,0.29577,-3.8579,27.3046,0.308435,3.25351,30,81.1097
"124","Jimmy Paredes",2015,101,0.7,3.8,0.44739922036927,1.32020631734248,"Orioles",104,363,384,0.0494792,0.305785,0.289062,0.171171,0.309896,0.415978,0.725874,0.140496,0.368852,1.75714,0.234127,0.488095,0.277778,0.0714286,0.142857,0.105691,0.5,0.314548,0.413587,43.6136,0.129491,4.12581,26,95.521
"125","Marwin Gonzalez",2015,112,0.688,3.3,0.38270119123355,0.976768030593247,"Astros",120,344,370,0.0432432,0.215116,0.2,0.216216,0.316804,0.44186,0.758665,0.162791,0.325581,1.34483,0.227273,0.443182,0.329545,0.149425,0.137931,0.034188,0.230769,0.328893,4.63947,46.2645,1.51582,3.26197,26,107.625
"126","Ruben Tejada",2015,108,0.656,3.8,0.210173113538295,0.06093259926196,"Mets",116,360,407,0.0933661,0.194444,0.17199,0.542857,0.338272,0.35,0.688272,0.0888889,0.314879,1.23404,0.273356,0.401384,0.32526,0.0957447,0.0319149,0.0603448,0,0.303106,-3.28253,42.505,1.03758,2.17845,25,95.0992
"127","Matt Kemp",2015,154,0.651,4.2,0.183215601398411,-0.0821666868835541,"Padres",154,596,648,0.0601852,0.246644,0.226852,0.265306,0.311728,0.442953,0.754681,0.177852,0.31106,1.22981,0.214442,0.43326,0.352298,0.0248447,0.142857,0.050505,0,0.324953,6.0854,78.9854,0.441151,5.08612,30,109.474
"128","Steven Souza Jr.",2015,110,0.696,3.9,0.425833210657363,1.20572688842607,"Rays",110,373,426,0.107981,0.386059,0.338028,0.319444,0.317647,0.399464,0.717111,0.174263,0.317757,1.30769,0.2,0.453333,0.346667,0.102564,0.205128,0.0980392,0.5,0.316403,1.09023,49.0152,1.53008,5.08882,26,102.803
"129","Hernan Perez",2015,99,0.689,2.7,0.388092693661526,NA,"- - -",112,263,272,0.0183824,0.224335,0.216912,0.0847458,0.256506,0.326996,0.583502,0.0836502,0.308824,1.25714,0.221675,0.433498,0.344828,0.0714286,0.0142857,0.0227273,0,0.251354,-13.4416,17.1584,-0.288794,4.51141,24,51.1469
"130","Avisail Garcia",2015,148,0.669,4.1,0.280262645101992,0.432990743240297,"White Sox",148,553,601,0.0599002,0.254973,0.234609,0.255319,0.309484,0.36528,0.674764,0.108499,0.320099,1.82883,0.245192,0.487981,0.266827,0.0630631,0.117117,0.108374,0,0.295477,-8.51107,59.1014,-1.07802,3.61933,24,83.355
"131","Wilmer Flores",2015,137,0.652,3.7,0.188607103826388,-0.0535468296544513,"Mets",137,483,510,0.0372549,0.130435,0.123529,0.301587,0.295276,0.407867,0.703143,0.144928,0.273399,1.12821,0.211401,0.418052,0.370546,0.160256,0.102564,0.0681818,0,0.303606,-3.90953,53.4655,1.85271,1.59366,23,95.4418
"132","Nick Markakis",2015,156,0.582,4.4,-0.188798066131984,-2.05693683569165,"Braves",156,612,686,0.102041,0.135621,0.120991,0.843373,0.370262,0.375817,0.746079,0.0800654,0.337761,1.93706,0.207547,0.522641,0.269811,0.0909091,0.020979,0.0794224,0,0.326876,7.4962,84.6712,1.55612,2.28443,31,107.3
"133","Jean Segura",2015,142,0.68,4.1,0.339569171809736,0.747809172760428,"Brewers",142,560,584,0.0222603,0.166071,0.159247,0.139785,0.280551,0.335714,0.616265,0.0785714,0.298056,2.43363,0.167382,0.590129,0.242489,0.0884956,0.0530973,0.0909091,0,0.268365,-20.9219,44.7781,0.250026,6.42177,25,62.3277
"134","Mike Aviles",2015,92,0.72,3.4,0.555229268928805,NA,"Indians",98,290,317,0.0630915,0.131034,0.119874,0.526316,0.282051,0.317241,0.599293,0.0862069,0.25,1.42529,0.162698,0.492063,0.345238,0.126437,0.0574713,0.0564516,0.166667,0.266497,-11.8298,23.8327,-0.8762,3.63374,34,65.4099
"135","Didi Gregorius",2015,152,0.672,3.8,0.296437152385922,0.518850314927605,"Yankees",155,525,578,0.0570934,0.161905,0.147059,0.388235,0.318261,0.369524,0.687785,0.104762,0.297483,1.31126,0.21219,0.446953,0.340858,0.0927152,0.0596026,0.0656566,0.333333,0.302778,-4.81334,60.2117,3.08876,3.50431,25,88.5407
"136","David Murphy",2015,132,0.679,3,0.334177669381759,0.719189315531325,"- - -",132,361,391,0.0511509,0.135734,0.12532,0.408163,0.317829,0.421053,0.738882,0.138504,0.299674,1.56311,0.167192,0.507886,0.324921,0.126214,0.0970874,0.0807453,0,0.318467,1.64557,45.6331,0.307882,1.96124,33,103.152
"137","Casey McGehee",2015,108,0.695,2.4,0.420441708229387,1.17710703119697,"- - -",109,237,258,0.0813954,0.21097,0.193798,0.42,0.263566,0.274262,0.537827,0.0759494,0.243243,2.30435,0.187166,0.566845,0.245989,0.0869565,0.0434783,0.0283019,0,0.243011,-14.4699,14.5551,-1.42814,1.48411,32,52.3692
"138","Aaron Hill",2015,116,0.719,3,0.549837766500828,1.86398360469544,"Diamondbacks",116,313,353,0.0878187,0.172524,0.152975,0.574074,0.294618,0.345048,0.639665,0.115016,0.252874,1.09804,0.198502,0.419476,0.382022,0.0588235,0.0588235,0.0535714,0,0.281287,-9.0014,30.7111,0.103595,3.59645,33,70.6412
"139","Eduardo Escobar",2015,123,0.668,3.6,0.274871142674015,0.404370886011194,"Twins",127,409,446,0.0627803,0.210269,0.192825,0.325581,0.308559,0.444988,0.753546,0.183374,0.300633,1.0873,0.193252,0.420245,0.386503,0.0793651,0.0952381,0.0948905,0,0.322653,3.36864,53.5436,1.50293,3.62843,26,102.729
"140","J.D. Martinez",2015,158,0.592,4.2,-0.134883041852216,-1.77073826340062,"Tigers",158,596,657,0.0806697,0.298658,0.270928,0.297753,0.343988,0.535235,0.879223,0.253356,0.339426,0.786885,0.223278,0.342043,0.434679,0.0491803,0.20765,0.0972222,0,0.372293,31.0221,104.935,5.0132,3.1411,27,136.701
"141","Ian Kinsler",2015,153,0.619,4.4,0.0106875237031555,-0.998002118214845,"Tigers",154,624,675,0.0637037,0.128205,0.118519,0.5375,0.342222,0.427885,0.770107,0.13141,0.32342,0.832579,0.254144,0.338858,0.406998,0.126697,0.0497738,0.0597826,0.833333,0.334525,11.5017,87.4392,4.19777,5.3965,33,110.637
"142","Andre Ethier",2015,141,0.675,3.2,0.312611659669853,0.604709886614914,"Dodgers",142,395,445,0.0966292,0.189873,0.168539,0.573333,0.366292,0.486076,0.852368,0.192405,0.330097,1.08772,0.263158,0.383901,0.352941,0.0614035,0.122807,0.0887097,0,0.366351,18.8993,68.9618,2.91449,4.40708,33,137.038
"143","Alcides Escobar",2015,148,0.669,4.5,0.280262645101992,0.432990743240297,"Royals",148,612,662,0.0392749,0.122549,0.113293,0.346667,0.293395,0.320261,0.613656,0.0637255,0.285714,1.59627,0.223048,0.477695,0.299257,0.0993789,0.0186335,0.0544747,0.2,0.270515,-22.5792,51.8958,1.53569,5.92174,28,66.6242
"144","Danny Valencia",2015,101,0.632,3.7,0.080777055266853,-0.625943974236508,"- - -",105,345,378,0.0767196,0.231884,0.21164,0.3625,0.344828,0.518841,0.863668,0.228986,0.329317,1.7284,0.172285,0.524345,0.303371,0.0864198,0.222222,0.0642857,0,0.367186,16.3059,58.8309,2.22533,3.51208,30,135.115
"145","Adam Jones",2015,137,0.688,4.2,0.38270119123355,0.976768030593247,"Orioles",137,546,581,0.0413081,0.186813,0.175559,0.235294,0.308089,0.474359,0.782448,0.205128,0.285714,1.26087,0.17833,0.458239,0.363431,0.118012,0.167702,0.0837438,0.5,0.334181,9.74049,75.103,3.63341,3.81742,29,109.07
"146","Michael Bourn",2015,135,0.693,3.6,0.409658703373433,1.11986731673876,"- - -",141,425,482,0.0954357,0.251765,0.221992,0.429907,0.310127,0.282353,0.59248,0.0447059,0.314642,1.68966,0.247588,0.472669,0.279743,0.0574713,0,0.0884354,0.222222,0.269233,-16.9335,37.2915,0.0384764,4.84383,32,67.5163
"147","Jordy Mercer",2015,112,0.704,3.8,0.468965230081177,1.43468574625889,"Pirates",116,394,430,0.0627907,0.185279,0.169767,0.369863,0.293427,0.319797,0.613224,0.0761421,0.28972,1.59596,0.20679,0.487654,0.305556,0.0606061,0.030303,0.0632911,0,0.265322,-16.4504,31.9246,0.535913,2.36292,28,67.5732
"148","Sean Rodriguez",2015,107,0.701,2.2,0.452790722797247,1.34882617457158,"Pirates",139,224,240,0.0208333,0.28125,0.2625,0.0793651,0.280851,0.361607,0.642458,0.116071,0.324841,1.5,0.203822,0.477707,0.318471,0.14,0.08,0.0666667,0.111111,0.281468,-6.08536,20.9146,-0.2061,4.16097,30,78.6385
"149","Freddy Galvis",2015,151,0.668,4,0.274871142674015,0.404370886011194,"Phillies",151,559,603,0.0497512,0.184258,0.170813,0.291262,0.302013,0.34347,0.645484,0.0805009,0.309051,1.10976,0.222472,0.408989,0.368539,0.103659,0.0426829,0.0659341,0.363636,0.283476,-14.3218,53.5157,1.30625,5.50602,25,75.8304
"150","Johnny Giavotella",2015,128,0.646,3.9,0.156258089258527,-0.225265973029068,"Angels",129,453,502,0.063745,0.130243,0.11753,0.542373,0.318458,0.375276,0.693734,0.103753,0.300505,1.50413,0.236776,0.458438,0.304786,0.0991736,0.0330578,0.0714286,0.0833333,0.303139,-4.03582,52.4392,1.06485,3.92882,27,95.2153
"151","Justin Maxwell",2015,98,0.716,2.8,0.533663259216898,NA,"Giants",100,249,274,0.0729927,0.305221,0.277372,0.263158,0.274725,0.341365,0.616091,0.13253,0.269461,1.33898,0.206897,0.454023,0.33908,0.101695,0.118644,0.151899,0,0.271062,-9.2257,21.5993,0.470432,4.25523,31,75.0007
"152","Derek Norris",2015,146,0.67,3.8,0.285654147529969,0.4616106004694,"Padres",147,515,557,0.0628366,0.254369,0.235189,0.267176,0.305206,0.403883,0.70909,0.153398,0.309973,1.01266,0.174026,0.415584,0.41039,0.0949367,0.0886076,0.14375,0,0.308789,-1.96315,60.6993,2.44411,3.94512,26,98.3963
"153","Mark Trumbo",2015,142,0.651,3.8,0.183215601398411,-0.0821666868835541,"- - -",142,508,545,0.066055,0.259843,0.242202,0.272727,0.310092,0.448819,0.758911,0.187008,0.312676,1.03289,0.180371,0.416446,0.403183,0.125,0.144737,0.0636943,0,0.327248,6.11751,67.43,1.09129,2.46854,29,107.672
"154","Chris Coghlan",2015,148,0.681,3.4,0.344960674237713,0.776429029989531,"Cubs",148,440,503,0.115308,0.213636,0.186879,0.617021,0.340637,0.443182,0.783819,0.193182,0.283988,1.34188,0.201166,0.457726,0.341108,0.0598291,0.136752,0.0509554,0.2,0.337457,9.74938,66.3369,3.26453,6.10072,30,113.105
"155","Ian Desmond",2015,156,0.678,4.1,0.328786166953783,0.690569458302222,"Nationals",156,583,641,0.0702028,0.320755,0.291732,0.240642,0.289764,0.38422,0.673983,0.150943,0.307087,1.72358,0.156171,0.534005,0.309824,0.130081,0.154472,0.113208,0.222222,0.294367,-9.64605,62.4664,1.71558,4.54804,29,83.1442
"156","Clint Robinson",2015,121,0.67,2.9,0.285654147529969,0.4616106004694,"Nationals",126,309,352,0.105114,0.168285,0.147727,0.711538,0.357955,0.423948,0.781903,0.152104,0.298387,1.17978,0.248062,0.406977,0.344961,0.0449438,0.11236,0.00952381,0,0.340332,7.63119,47.2312,0.443647,2.18227,30,114.646
"157","Yadier Molina",2015,135,0.652,3.9,0.188607103826388,-0.0535468296544513,"Cardinals",136,488,530,0.0603774,0.120902,0.111321,0.542373,0.310019,0.35041,0.660429,0.079918,0.294931,1.49286,0.203196,0.477169,0.319635,0.114286,0.0285714,0.0382775,0,0.287048,-11.0754,48.5496,1.34736,2.68578,32,80.412
"158","Caleb Joseph",2015,100,0.693,3.5,0.409658703373433,1.11986731673876,"Orioles",100,320,355,0.0760563,0.225,0.202817,0.375,0.299145,0.39375,0.692895,0.159375,0.268908,0.775701,0.233871,0.334677,0.431452,0.0747664,0.102804,0.0843373,0,0.301252,-3.38921,36.5483,1.36782,2.12225,29,86.3455
"159","Logan Forsythe",2015,152,0.628,4,0.0592110455549461,-0.740423403152919,"Rays",153,540,615,0.0894309,0.205556,0.180488,0.495495,0.35935,0.444444,0.803794,0.162963,0.322967,0.977273,0.198157,0.396313,0.40553,0.0795455,0.0965909,0.0813954,0,0.349583,17.879,87.0665,4.09733,3.86239,28,125.701
"160","Tyler Moore",2015,93,0.708,2.2,0.490531239793084,NA,"Nationals",97,187,200,0.055,0.240642,0.225,0.244444,0.25,0.363636,0.613636,0.160428,0.233577,0.934426,0.174825,0.398601,0.426573,0.114754,0.0983607,0.0526316,0,0.262541,-8.09572,14.4043,-0.888716,0.680648,28,61.3324
"161","Carlos Gonzalez",2015,150,0.659,4.1,0.226347620822225,0.146792170949269,"Rockies",153,554,608,0.0756579,0.240072,0.21875,0.345865,0.324547,0.539711,0.864258,0.268953,0.284238,1.29032,0.164706,0.470588,0.364706,0.0709677,0.258065,0.04,0.333333,0.363573,24.4721,92.8721,2.3569,3.22397,29,114.208
"162","Salvador Perez",2015,141,0.64,3.9,0.123909074690667,-0.396985116403685,"Royals",142,531,553,0.0235081,0.154426,0.148282,0.158537,0.280289,0.425612,0.705901,0.165725,0.270208,1.11765,0.207048,0.418502,0.374449,0.141176,0.123529,0.0631579,0,0.300306,-5.69764,56.5149,1.61899,1.7402,25,87.1831
"163","Seth Smith",2015,132,0.651,3.4,0.183215601398411,-0.0821666868835541,"Mariners",136,395,452,0.103982,0.250633,0.219027,0.474747,0.330377,0.443038,0.773415,0.194937,0.297578,1.11404,0.196667,0.423333,0.38,0.0175439,0.105263,0.0472441,0.5,0.331424,6.58213,57.4321,2.23558,3.49154,32,113.427
"164","Billy Butler",2015,151,0.663,4,0.247913630534132,0.26127159986568,"Athletics",151,538,601,0.0865225,0.187732,0.168053,0.514852,0.322795,0.390335,0.71313,0.139405,0.28169,1.61151,0.176871,0.507936,0.315193,0.0935252,0.107914,0.0357143,0,0.311389,-0.869469,66.743,-0.705921,1.76204,29,98.5269
"165","Shane Peterson",2015,92,0.717,2.5,0.539054761644875,NA,"Brewers",93,201,226,0.0884956,0.273632,0.243363,0.363636,0.324324,0.353234,0.677558,0.0945274,0.344828,2.48387,0.265306,0.52381,0.210884,0.0645161,0.0645161,0.025974,0,0.298597,-2.63705,22.7879,-0.0131969,3.87178,27,83.0473
"166","Ben Zobrist",2015,126,0.633,4.2,0.0861685576948298,-0.597324117007405,"- - -",126,467,535,0.115888,0.119914,0.104673,1.10714,0.358878,0.449679,0.808557,0.173448,0.287841,1.51493,0.18599,0.490338,0.323671,0.11194,0.0970149,0.0591133,0.5,0.349478,15.5086,75.6961,2.05478,3.5314,34,122.984
"167","Trevor Plouffe",2015,152,0.646,4.2,0.156258089258527,-0.225265973029068,"Twins",152,573,632,0.0791139,0.216405,0.196203,0.403226,0.307449,0.434555,0.742003,0.190227,0.273782,1.01093,0.182222,0.411111,0.406667,0.120219,0.120219,0.0810811,0.5,0.32105,3.96411,75.0641,2.50981,3.59131,29,101.623
"168","Neil Walker",2015,151,0.646,4,0.156258089258527,-0.225265973029068,"Pirates",151,543,603,0.0729685,0.202578,0.182421,0.4,0.328358,0.427256,0.755614,0.158379,0.305882,1.1358,0.213636,0.418182,0.368182,0.0493827,0.0987654,0.048913,0,0.324813,5.59536,73.4329,2.40364,3.87051,29,108.345
"169","Lonnie Chisenhall",2015,106,0.689,3.4,0.388092693661526,1.00538788782235,"Indians",106,333,362,0.0635359,0.207207,0.190608,0.333333,0.294444,0.372372,0.666817,0.126126,0.288462,1.01887,0.195489,0.406015,0.398496,0.207547,0.0660377,0.0740741,0,0.288013,-7.28545,33.4396,2.05701,3.90589,26,80.2583
"170","Mark Reynolds",2015,137,0.688,3.2,0.38270119123355,0.976768030593247,"Cardinals",140,382,432,0.101852,0.316754,0.280093,0.363636,0.314815,0.397906,0.712721,0.167539,0.3,1.04808,0.190114,0.414449,0.395437,0.105769,0.125,0.0550459,0,0.311492,-0.589533,48.0105,-0.131176,2.66724,31,97.1652
"171","Joey Butler",2015,87,0.675,3.2,0.312611659669853,NA,"Rays",88,257,276,0.057971,0.319066,0.297101,0.195122,0.326087,0.416342,0.742429,0.140078,0.377246,2.83333,0.211429,0.582857,0.205714,0.0277778,0.222222,0.0490196,0,0.324868,2.57317,33.6232,0.275786,3.39123,29,108.645
"172","Charlie Blackmon",2015,156,0.621,4.4,0.021470528559109,-0.940762403756639,"Rockies",157,614,682,0.0674487,0.18241,0.164223,0.410714,0.34712,0.449511,0.796631,0.162866,0.325153,1.03825,0.247984,0.383065,0.368952,0.0546448,0.0928962,0.0526316,0.533333,0.344854,17.2501,93.9751,2.101,7.40094,28,101.38
"173","Jonathan Lucroy",2015,103,0.667,4,0.269479640246039,0.375751028782091,"Brewers",103,371,415,0.086747,0.172507,0.154217,0.5625,0.326087,0.390836,0.716923,0.126685,0.297386,1.52174,0.258786,0.447284,0.29393,0.076087,0.076087,0.0428571,0,0.313298,0.0325926,46.7201,1.05039,3.77252,29,93.1228
"174","Ryan Flaherty",2015,86,0.693,3.5,0.409658703373433,NA,"Orioles",91,267,301,0.0863787,0.303371,0.269103,0.320988,0.280936,0.355805,0.636742,0.153558,0.251397,1.37313,0.140541,0.497297,0.362162,0.0895522,0.134328,0.076087,0.4,0.278536,-8.33724,25.5253,-0.229146,3.71856,28,70.6689
"175","Eric Sogard",2015,114,0.658,3.5,0.220956118394248,0.118172313720166,"Athletics",120,372,401,0.0573566,0.134409,0.124688,0.46,0.29397,0.303763,0.597733,0.0564516,0.282609,1.31776,0.220126,0.443396,0.336478,0.0934579,0.00934579,0.0496454,0.375,0.265523,-15.2767,29.8358,0.390605,5.14012,29,66.874
"176","Hanley Ramirez",2015,104,0.634,4.1,0.0915600601228065,-0.568704259778302,"Red Sox",105,401,430,0.0488372,0.177057,0.165116,0.295775,0.290698,0.426434,0.717132,0.177057,0.257143,1.68687,0.203593,0.5,0.296407,0.121212,0.191919,0.0658683,0,0.307777,-1.86328,46.5117,-1.79781,4.36895,31,88.6348
"177","Wilin Rosario",2015,86,0.712,2.8,0.512097249504991,NA,"Rockies",87,231,242,0.0330578,0.242424,0.231405,0.142857,0.294606,0.415584,0.71019,0.147186,0.329412,2.13333,0.198864,0.545455,0.255682,0.111111,0.133333,0.0833333,0,0.303459,-1.88362,25.3414,-0.928597,3.57735,26,73.0091
"178","Adam Lind",2015,149,0.679,3.8,0.334177669381759,0.719189315531325,"Brewers",149,502,572,0.115385,0.199203,0.174825,0.66,0.36014,0.460159,0.820299,0.183267,0.309091,1.3169,0.187654,0.461728,0.350617,0.0704225,0.140845,0.026738,0,0.350504,17.05,81.4,2.21552,1.27461,31,118.622
"179","Matt Carpenter",2015,154,0.595,4.3,-0.118708534568286,-1.68487869171331,"Cardinals",154,574,665,0.121805,0.263066,0.227068,0.536424,0.365414,0.505226,0.87064,0.233449,0.320802,0.711864,0.285377,0.29717,0.417453,0.0225989,0.158192,0.0793651,1,0.372337,31.4233,106.236,5.18029,3.78206,29,138.865
"180","Josh Harrison",2015,111,0.677,4,0.323394664525806,0.66194960107312,"Pirates",114,418,449,0.0423163,0.169856,0.158129,0.267606,0.327354,0.389952,0.717306,0.102871,0.336232,1.23276,0.251445,0.413295,0.33526,0.0603448,0.0344828,0.0839161,0.333333,0.313322,0.0436446,50.5561,1.34737,4.44207,27,100.47
"181","Dee Gordon",2015,145,0.627,4.5,0.0538195431269694,-0.769043260382022,"Marlins",145,615,653,0.0382848,0.147967,0.139357,0.274725,0.358578,0.417886,0.776464,0.0845528,0.382857,3.19355,0.215292,0.597585,0.187123,0.0322581,0.0430108,0.121212,0.421053,0.336834,12.3317,85.7942,4.61441,7.29039,27,112.754
"182","Sam Fuld",2015,97,0.681,3.4,0.344960674237713,NA,"Athletics",120,290,325,0.0923077,0.189655,0.169231,0.545455,0.275542,0.293103,0.568645,0.0965517,0.235043,2.65385,0.181034,0.594828,0.224138,0.0961538,0.0384615,0.0434783,0.166667,0.2549,-15.14,21.4225,0.147068,6.11492,33,59.5433
"183","Kurt Suzuki",2015,128,0.667,3.7,0.269479640246039,0.375751028782091,"Twins",131,433,479,0.0605428,0.136259,0.123173,0.491525,0.295983,0.314088,0.610071,0.073903,0.265416,1.14085,0.193634,0.429708,0.376658,0.112676,0.0352113,0.0493827,0.142857,0.268888,-16.96,36.9275,-0.0891557,1.03153,31,65.626
"184","Chris Iannetta",2015,91,0.708,3.5,0.490531239793084,NA,"Angels",92,272,317,0.129338,0.305147,0.26183,0.493976,0.293375,0.334559,0.627934,0.147059,0.225275,0.815217,0.130208,0.390625,0.479167,0.0869565,0.108696,0.08,0,0.280737,-8.2227,27.4398,0.519624,1.16785,32,79.7561
"185","Dustin Pedroia",2015,93,0.618,4.6,0.00529602127517876,NA,"Red Sox",93,381,425,0.0894118,0.133858,0.12,0.745098,0.356132,0.440945,0.797077,0.149606,0.308411,1.58491,0.177177,0.504505,0.318318,0.141509,0.113208,0.0952381,0,0.346765,11.3983,59.2108,2.53799,2.38878,31,115.54
"186","Daniel Descalso",2015,95,0.718,2.2,0.544446264072851,NA,"Rockies",101,185,209,0.0956938,0.243243,0.215311,0.444444,0.282927,0.324324,0.607251,0.118919,0.244444,1.21569,0.192857,0.442857,0.364286,0.117647,0.0980392,0.0322581,0.25,0.259108,-9.03341,14.4791,-1.10929,4.02257,28,42.613
"187","Gerardo Parra",2015,153,0.66,3.8,0.231739123250202,0.175412028178371,"- - -",155,547,589,0.0475382,0.16819,0.156197,0.304348,0.328205,0.451554,0.779759,0.160878,0.325112,1.59091,0.238307,0.467706,0.293987,0.0909091,0.106061,0.0666667,0.533333,0.334155,9.86218,76.1247,0.445101,6.0931,28,107.81
"188","Kendrys Morales",2015,158,0.611,4,-0.0324444957206584,-1.22696097604767,"Royals",158,569,639,0.0907668,0.181019,0.161189,0.563107,0.361502,0.485061,0.846564,0.195079,0.319196,1.29448,0.204255,0.448936,0.346809,0.0306748,0.134969,0.0521327,0,0.363856,25.8648,97.7523,2.07116,2.10243,32,131.04
"189","Elvis Andrus",2015,160,0.674,4.1,0.307220157241876,0.576090029385811,"Rangers",160,596,661,0.0695915,0.130872,0.118003,0.589744,0.309341,0.357383,0.666724,0.0989933,0.282692,1.47853,0.210938,0.470703,0.318359,0.0981595,0.0429448,0.0829876,0.391304,0.292138,-11.1241,63.2384,1.56027,5.18771,26,76.5631
"190","Jason Castro",2015,104,0.65,3.6,0.177824098970434,-0.110786544112657,"Astros",104,337,375,0.088,0.341246,0.306667,0.286957,0.282667,0.364985,0.647652,0.154303,0.280374,0.976744,0.244444,0.373333,0.382222,0.0697674,0.127907,0.0357143,0,0.283734,-8.82938,33.3581,1.34132,1.33237,28,76.4609
"191","Gordon Beckham",2015,85,0.704,2.8,0.468965230081177,NA,"White Sox",100,211,237,0.0801688,0.203791,0.181435,0.44186,0.275424,0.331754,0.607177,0.123223,0.228916,1.27869,0.19186,0.453488,0.354651,0.114754,0.0983607,0.0512821,0,0.266664,-8.81269,17.8498,0.251768,1.85889,28,63.4711
"192","Justin Smoak",2015,106,0.708,3.1,0.490531239793084,1.5491651751753,"Blue Jays",132,296,328,0.0884146,0.290541,0.262195,0.337209,0.298781,0.469595,0.768375,0.243243,0.253886,1.26761,0.236967,0.42654,0.336493,0.0985916,0.253521,0.0111111,0,0.330521,4.53961,41.4396,0.618215,2.35119,28,107.486
"193","Alexi Amarista",2015,117,0.691,3.1,0.39887569851748,1.06262760228056,"Padres",118,324,357,0.0672269,0.169753,0.154062,0.436364,0.257062,0.287037,0.544099,0.0833333,0.232472,1.55952,0.206642,0.483395,0.309963,0.0833333,0.0357143,0.0763359,0,0.23643,-21.8993,18.2632,-0.776938,5.28231,26,48.8049
"194","Lorenzo Cain",2015,140,0.633,4.3,0.0861685576948298,-0.597324117007405,"Royals",140,551,604,0.0612583,0.177858,0.162252,0.377551,0.360927,0.477314,0.838241,0.170599,0.346939,1.45455,0.231947,0.455142,0.31291,0.027972,0.111888,0.100962,0,0.360232,22.699,90.649,6.5581,7.40002,29,128.539
"195","Khris Davis",2015,121,0.681,3.6,0.344960674237713,0.776429029989531,"Brewers",121,392,440,0.1,0.311224,0.277273,0.360656,0.322727,0.505102,0.827829,0.257653,0.284553,1.05455,0.172161,0.424908,0.40293,0.0727273,0.245455,0.0431034,0,0.353319,14.1049,63.6049,1.34494,4.25807,27,120.551
"196","Tyler Flowers",2015,105,0.682,3.4,0.35035217666569,0.805048887218634,"White Sox",112,331,361,0.0581717,0.314199,0.288089,0.201923,0.295265,0.356495,0.65176,0.117825,0.319635,1.30488,0.171053,0.469298,0.359649,0.121951,0.109756,0.046729,0,0.288254,-7.19585,33.4166,0.439898,0.600993,29,78.3703
"197","Buster Posey",2015,150,0.614,4.2,-0.0162699884367282,-1.14110140436036,"Giants",150,557,623,0.0898876,0.0933573,0.0834671,1.07692,0.378812,0.470377,0.849189,0.152603,0.320487,1.30058,0.222656,0.439453,0.337891,0.0693642,0.109827,0.0311111,0,0.36325,24.9154,95.0029,5.68888,2.11104,28,138.183
"198","Logan Morrison",2015,140,0.679,3.6,0.334177669381759,0.719189315531325,"Mariners",146,457,511,0.0919765,0.177243,0.158513,0.580247,0.301961,0.382932,0.684893,0.157549,0.238227,1.14384,0.163102,0.446524,0.390374,0.10274,0.116438,0.0479042,0.8,0.297728,-6.31752,51.17,-0.192116,4.12665,27,90.1728
"199","Paul Goldschmidt",2015,158,0.555,4.4,-0.334368631687355,-2.82967298087742,"Diamondbacks",159,567,695,0.169784,0.266314,0.217266,0.781457,0.435158,0.569665,1.00482,0.248677,0.382051,1.18919,0.234043,0.416076,0.349882,0.0540541,0.222973,0.0625,0,0.417528,57.9376,136.125,7.40163,4.5601,27,164.015
"200","Danny Espinosa",2015,115,0.704,3.6,0.468965230081177,1.43468574625889,"Nationals",118,367,412,0.0800971,0.288828,0.257282,0.311321,0.310513,0.408719,0.719233,0.168937,0.298805,1.21739,0.184,0.448,0.368,0.152174,0.141304,0.0714286,0.529412,0.309527,-1.20932,45.1407,2.26602,4.7958,28,93.5339
"201","Starling Marte",2015,148,0.621,4.3,0.021470528559109,-0.940762403756639,"Pirates",153,579,633,0.042654,0.212435,0.194313,0.219512,0.336508,0.443869,0.780377,0.157168,0.332579,2.37255,0.235556,0.537778,0.226667,0.0980392,0.186275,0.140496,0.285714,0.337385,12.2328,83.4453,3.5902,5.85481,26,116.962
"202","A.J. Pollock",2015,156,0.63,4.3,0.0699940504108996,-0.683183688694714,"Diamondbacks",157,609,673,0.0787519,0.146141,0.132244,0.595506,0.367013,0.497537,0.86455,0.182266,0.337917,1.73684,0.207619,0.502857,0.289524,0.0921053,0.131579,0.0719697,1,0.370831,30.9914,106.704,6.56119,7.14171,27,132.01
"203","Chris Davis",2015,159,0.619,4.2,0.0106875237031555,-0.998002118214845,"Orioles",160,573,670,0.125373,0.363002,0.310448,0.403846,0.361194,0.561955,0.923149,0.300175,0.318885,0.73125,0.247283,0.317935,0.434783,0.0375,0.29375,0.034188,1,0.389686,40.9476,116.323,5.60652,1.8729,29,147.374
"204","Brock Holt",2015,124,0.653,4.1,0.193998606254364,-0.0249269724253484,"Red Sox",129,454,509,0.0903733,0.213656,0.19057,0.474227,0.348515,0.378855,0.727369,0.0991189,0.35014,2.2381,0.238095,0.526611,0.235294,0.047619,0.0238095,0.0957447,0.166667,0.321584,3.40988,60.6724,2.38693,5.79026,27,98.163
"205","Evan Longoria",2015,159,0.643,4.2,0.140083581974597,-0.311125544716377,"Rays",160,604,670,0.0761194,0.218543,0.197015,0.386364,0.328358,0.43543,0.763789,0.165563,0.308696,0.963918,0.20625,0.389583,0.404167,0.108247,0.108247,0.0320856,0,0.326503,7.12208,82.4971,4.16762,2.59827,29,109.773
"206","David Freese",2015,121,0.622,3.9,0.0268620309870857,-0.912142546527536,"Angels",121,424,470,0.0659574,0.252358,0.22766,0.28972,0.323404,0.419811,0.743216,0.162736,0.310458,1.93333,0.175,0.54375,0.28125,0.0666667,0.155556,0.0344828,0,0.324764,4.34294,57.2179,2.23432,2.05545,32,110.139
"207","Yan Gomes",2015,95,0.665,4.1,0.258696635390085,NA,"Indians",95,363,389,0.033419,0.286501,0.267352,0.125,0.267352,0.391185,0.658537,0.15978,0.284585,0.839623,0.264151,0.335849,0.4,0.113208,0.113208,0.0561798,0,0.282814,-9.44497,34.3175,0.846517,1.42962,27,76.6702
"208","Ben Paulsen",2015,112,0.682,3.2,0.35035217666569,0.805048887218634,"Rockies",116,325,354,0.0649718,0.283077,0.259887,0.25,0.325779,0.461538,0.787318,0.184615,0.351111,1.37662,0.221277,0.451064,0.32766,0.0649351,0.142857,0.0660377,0.5,0.338594,7.18316,47.0082,0.763786,3.97048,27,97.0894
"209","Justin Bour",2015,129,0.643,3.5,0.140083581974597,-0.311125544716377,"Marlins",129,409,446,0.0762332,0.246944,0.226457,0.336634,0.320628,0.479218,0.799845,0.217604,0.293706,1.39252,0.171521,0.482201,0.346278,0.102804,0.214953,0.033557,0,0.342502,10.4424,60.6174,0.28134,0.524213,27,116.638
"210","Jason Kipnis",2015,141,0.603,4.5,-0.0755765151444722,-1.45591983388049,"Indians",141,565,641,0.0889236,0.189381,0.166927,0.53271,0.372057,0.451327,0.823384,0.148673,0.356044,1.6,0.268398,0.450216,0.281385,0.0692308,0.0692308,0.0480769,0.333333,0.354851,21.3332,93.4457,5.15202,5.31782,28,126.383
"211","Nolan Arenado",2015,157,0.631,4.2,0.0753855528388763,-0.654563831465611,"Rockies",157,616,665,0.0511278,0.178571,0.165414,0.309091,0.323308,0.574675,0.897984,0.287338,0.284211,0.784141,0.216634,0.344294,0.439072,0.105727,0.185022,0.0561798,0,0.371085,30.7582,105.571,4.50696,3.51451,24,119.357
"212","Kyle Seager",2015,161,0.667,4.3,0.269479640246039,0.375751028782091,"Mariners",161,623,686,0.0787172,0.157303,0.142857,0.55102,0.327988,0.451043,0.779032,0.184591,0.27833,0.864486,0.24,0.352381,0.407619,0.0981308,0.121495,0.0378378,0.5,0.334505,11.6785,88.8535,3.91899,2.62026,27,115.553
"213","Ryan Goins",2015,122,0.682,3.5,0.35035217666569,0.805048887218634,"Blue Jays",128,376,428,0.0911215,0.220745,0.193925,0.46988,0.31829,0.353723,0.672013,0.103723,0.303754,1.93902,0.180272,0.540816,0.278912,0.109756,0.0609756,0.0503145,0.272727,0.297115,-5.50101,42.649,1.4578,4.60482,27,84.4321
"214","Brian Dozier",2015,157,0.629,4.5,0.0646025479829228,-0.711803545923816,"Twins",157,628,704,0.0866477,0.235669,0.210227,0.412162,0.306818,0.444268,0.751086,0.208599,0.26087,0.755869,0.225673,0.333333,0.440994,0.197183,0.131455,0.10559,0.75,0.322754,5.37462,84.5746,3.42151,5.56664,28,102.799
"215","Andrew McCutchen",2015,157,0.574,4.4,-0.231930085555797,-2.28589569352447,"Pirates",157,566,685,0.143066,0.234982,0.194161,0.736842,0.40146,0.487633,0.889092,0.196113,0.338902,1,0.235294,0.382353,0.382353,0.0591716,0.136095,0.0769231,0,0.380269,36.71,113.773,5.81584,4.15972,28,146.352
"216","Austin Jackson",2015,132,0.665,4,0.258696635390085,0.318511314323886,"- - -",136,491,527,0.0550285,0.256619,0.239089,0.230159,0.311069,0.384929,0.695997,0.118126,0.341737,2.07865,0.243094,0.51105,0.245856,0.0224719,0.101124,0.0594595,0.285714,0.30467,-3.59186,55.6956,2.33567,5.20534,28,94.3223
"217","DJ LeMahieu",2015,150,0.618,4.1,0.00529602127517876,-1.02662197544395,"Rockies",150,564,620,0.0806452,0.189716,0.172581,0.46729,0.358185,0.388298,0.746483,0.0868794,0.362031,2.79775,0.260394,0.544858,0.194748,0.011236,0.0674157,0.0481928,0.4,0.327261,6.96589,76.7159,1.86539,6.43718,26,89.3219
"218","Jay Bruce",2015,157,0.694,4.1,0.41505020580141,1.14848717396786,"Reds",157,580,649,0.0893683,0.25,0.223421,0.4,0.294299,0.434483,0.728782,0.208621,0.251196,0.836735,0.187359,0.370203,0.442438,0.0561224,0.132653,0.0365854,0,0.308825,-2.26898,70.7435,0.0703373,4.42706,28,91.3588
"219","Colby Rasmus",2015,132,0.681,3.7,0.344960674237713,0.776429029989531,"Astros",137,432,485,0.0969072,0.356481,0.317526,0.305195,0.31405,0.474537,0.788587,0.236111,0.304688,0.549296,0.2,0.283636,0.516364,0.0985916,0.176056,0.0384615,0.571429,0.339084,10.0309,64.5934,2.796,3.64893,28,114.658
"220","Chris Carter",2015,127,0.663,3.6,0.247913630534132,0.26127159986568,"Astros",129,391,460,0.123913,0.386189,0.328261,0.377483,0.30719,0.42711,0.7343,0.227621,0.244344,0.574803,0.183673,0.297959,0.518367,0.0866142,0.188976,0.0958904,0,0.319402,2.27964,54.0296,0.307477,1.47699,28,101.076
"221","Brett Gardner",2015,148,0.65,4.4,0.177824098970434,-0.110786544112657,"Yankees",151,571,656,0.103659,0.236427,0.205793,0.503704,0.342593,0.399299,0.741892,0.140105,0.312057,1.33793,0.207944,0.453271,0.338785,0.062069,0.110345,0.0773196,0.421053,0.326959,7.21206,81.0121,2.55263,5.74279,31,105.228
"222","Darin Ruf",2015,103,0.706,2.9,0.479748234937131,1.4919254607171,"Phillies",106,268,297,0.0707071,0.257463,0.232323,0.304348,0.299663,0.414179,0.713842,0.179104,0.268421,1.26761,0.20297,0.445545,0.351485,0.056338,0.169014,0.0111111,0,0.310523,-0.635352,32.7771,-0.124117,2.18132,28,94.367
"223","Steve Pearce",2015,91,0.685,3.6,0.36652668394962,NA,"Orioles",92,294,325,0.0707692,0.234694,0.212308,0.333333,0.289231,0.421769,0.710999,0.204082,0.232227,0.72381,0.199115,0.336283,0.464602,0.114286,0.142857,0.0394737,0,0.308245,-1.28675,35.2757,0.349028,3.39813,32,91.1714
"224","Chris Owings",2015,145,0.707,3.8,0.485139737365107,1.5205453179462,"Diamondbacks",147,515,552,0.0471014,0.279612,0.26087,0.180556,0.26422,0.32233,0.58655,0.0951456,0.305405,1.15323,0.264463,0.393939,0.341598,0.0887097,0.0322581,0.0699301,0.388889,0.254638,-25.8304,36.2696,-1.40281,6.68974,23,52.3767
"225","Dustin Ackley",2015,96,0.676,2.8,0.318003162097829,NA,"- - -",108,238,264,0.0681818,0.189076,0.170455,0.4,0.283525,0.428571,0.712096,0.197479,0.240642,1.08861,0.158163,0.438776,0.403061,0.0886076,0.126582,0.0232558,0.25,0.305139,-1.70046,27.9995,-0.550066,4.52576,27,93.9573
"226","Mike Trout",2015,159,0.589,4.3,-0.151057549136146,-1.85659783508793,"Angels",159,575,682,0.134897,0.274783,0.231672,0.582278,0.40176,0.589565,0.991325,0.290435,0.343832,0.969136,0.244076,0.372038,0.383886,0.0246914,0.253086,0.127389,0,0.414842,55.3899,132.115,9.0176,5.03049,23,172.302
"227","Billy Hamilton",2015,112,0.704,4.1,0.468965230081177,1.43468574625889,"Reds",114,412,454,0.061674,0.182039,0.165198,0.373333,0.274157,0.288835,0.562992,0.0631068,0.264095,1.12712,0.195513,0.426282,0.378205,0.059322,0.0338983,0.135338,0.315789,0.251119,-22.5211,28.5539,1.92887,8.11848,24,51.8098
"228","Jose Iglesias",2015,117,0.646,3.9,0.156258089258527,-0.225265973029068,"Tigers",120,416,454,0.0550661,0.105769,0.0969163,0.568182,0.346667,0.370192,0.716859,0.0697115,0.329759,2.41176,0.209809,0.558583,0.231608,0.152941,0.0235294,0.107317,0.0833333,0.314957,0.637382,51.7124,1.61172,4.50546,25,97.1336
"229","Randal Grichuk",2015,101,0.673,3.5,0.301828654813899,0.547470172156708,"Cardinals",103,323,350,0.0628571,0.340557,0.314286,0.2,0.328571,0.547988,0.876559,0.272446,0.365482,0.910112,0.205607,0.378505,0.415888,0.101124,0.191011,0.123457,0,0.370021,15.891,55.266,3.08877,5.94742,23,137.278
"230","Brandon Belt",2015,137,0.636,4.1,0.10234306497876,-0.511464545320097,"Giants",137,492,556,0.100719,0.298781,0.264389,0.380952,0.356115,0.477642,0.833757,0.197154,0.362538,0.878788,0.287356,0.333333,0.37931,0.00757576,0.136364,0.0431034,1,0.358832,20.2728,82.8228,4.28999,5.31736,27,135.154
"231","Danny Santana",2015,81,0.72,3.4,0.555229268928805,NA,"Twins",91,261,277,0.0216606,0.260536,0.245487,0.0882353,0.240741,0.291188,0.531928,0.0766283,0.290155,2.08511,0.198895,0.541436,0.259668,0.0851064,0,0.112245,0.263158,0.23136,-18.1141,13.0484,-1.41546,7.78456,24,39.7279
"232","Marcell Ozuna",2015,121,0.643,4.1,0.140083581974597,-0.311125544716377,"Marlins",123,459,494,0.0607287,0.239651,0.222672,0.272727,0.307692,0.383442,0.691135,0.124183,0.319648,1.56481,0.210826,0.481481,0.307692,0.101852,0.0925926,0.0828402,0,0.301973,-4.43167,51.1433,1.06265,1.86977,24,88.8618
"233","Scooter Gennett",2015,111,0.684,3.5,0.361135181521643,0.862288601676839,"Brewers",114,375,391,0.0306905,0.181333,0.173913,0.176471,0.294118,0.381333,0.675451,0.117333,0.30897,1.63333,0.215232,0.486755,0.298013,0.133333,0.0666667,0.0408163,0.8,0.28912,-7.52332,36.4642,0.204405,4.05189,25,76.552
"234","Adeiny Hechavarria",2015,129,0.653,3.9,0.193998606254364,-0.0249269724253484,"Marlins",130,470,499,0.0460922,0.165957,0.156313,0.294872,0.314629,0.374468,0.689097,0.093617,0.324808,1.78182,0.203125,0.510417,0.286458,0.0818182,0.0454545,0.0663265,0.75,0.297657,-6.1975,49.94,2.9697,5.32049,26,85.9037
"235","Derek Dietrich",2015,90,0.694,3.2,0.41505020580141,NA,"Marlins",90,250,289,0.0795848,0.26,0.224913,0.353846,0.346021,0.456,0.802021,0.2,0.303371,0.851852,0.197861,0.368984,0.433155,0.123457,0.123457,0.0724638,1,0.346248,7.63157,40.1441,0.477234,4.29978,25,119.206
"236","Cesar Hernandez",2015,125,0.649,3.6,0.172432596542457,-0.13940640134176,"Phillies",127,405,452,0.0884956,0.212346,0.190265,0.465116,0.339286,0.348148,0.687434,0.0765432,0.341693,2.48485,0.238411,0.543046,0.218543,0.030303,0.0151515,0.0792683,0.363636,0.305728,-2.69854,48.1515,1.35267,6.42021,25,91.0811
"237","Carlos Perez",2015,83,0.693,3.4,0.409658703373433,NA,"Angels",86,260,283,0.0671378,0.188462,0.173145,0.387755,0.298932,0.346154,0.645086,0.0961538,0.291866,1.09877,0.198113,0.419811,0.382075,0.135802,0.0493827,0.0898876,0.333333,0.284421,-6.50785,25.3297,1.05843,2.46273,24,82.298
"238","Jedd Gyorko",2015,128,0.697,3.6,0.43122471308534,1.23434674565517,"Padres",128,421,458,0.058952,0.254157,0.233624,0.252336,0.296943,0.396675,0.693618,0.149644,0.290429,1.15385,0.210031,0.423197,0.366771,0.0683761,0.136752,0.0296296,0,0.301176,-4.40031,47.1247,0.664215,0.710404,26,93.1786
"239","Andrelton Simmons",2015,147,0.66,4,0.231739123250202,0.175412028178371,"Braves",147,535,583,0.0668954,0.0897196,0.0823328,0.8125,0.321306,0.338318,0.659624,0.0728972,0.284536,2.50926,0.213693,0.562241,0.224066,0.0925926,0.037037,0.0664207,0.125,0.289673,-10.9601,54.6274,3.21618,3.59543,25,81.8032
"240","Evan Gattis",2015,153,0.655,3.9,0.204781611110318,0.0323127420328572,"Astros",153,566,604,0.0496689,0.210247,0.19702,0.252101,0.284768,0.462898,0.747666,0.217314,0.263529,1.21893,0.170354,0.455752,0.373894,0.130178,0.159763,0.0776699,0,0.316922,1.79635,69.7463,0.0134241,3.93053,28,99.3643
"241","Kevin Kiermaier",2015,144,0.659,3.7,0.226347620822225,0.146792170949269,"Rays",151,505,535,0.0448598,0.188119,0.17757,0.252632,0.298311,0.419802,0.718113,0.156436,0.30597,1.63025,0.229064,0.477833,0.293103,0.134454,0.0840336,0.0979381,0.375,0.309308,-1.66383,58.5237,5.49478,7.25417,25,97.9069
"242","Kole Calhoun",2015,159,0.652,4.3,0.188607103826388,-0.0535468296544513,"Angels",159,630,686,0.0655977,0.260317,0.239067,0.27439,0.30848,0.422222,0.730702,0.166667,0.304054,1.18072,0.228145,0.41791,0.353945,0.0722892,0.156627,0.0255102,0.333333,0.316958,2.06016,79.2352,3.82689,3.42896,27,104.752
"243","Adam Eaton",2015,153,0.566,4.5,-0.275062104979611,-2.51485455135729,"White Sox",153,610,689,0.08418,0.214754,0.190131,0.442748,0.361111,0.431148,0.792259,0.144262,0.344754,1.85938,0.219616,0.507463,0.272921,0.101562,0.109375,0.0546218,0.411765,0.3463,18.2229,95.7354,3.61514,6.52226,26,118.428
"244","Jonathan Schoop",2015,84,0.638,3.8,0.113126069834713,NA,"Orioles",86,305,321,0.0280374,0.259016,0.246106,0.113924,0.30625,0.481967,0.788217,0.203279,0.328638,1.13953,0.192982,0.429825,0.377193,0.139535,0.174419,0.0612245,0,0.337731,6.29196,42.4045,0.838138,2.65712,23,111.519
"245","Jake Marisnick",2015,118,0.68,3.2,0.339569171809736,0.747809172760428,"Astros",133,339,372,0.0483871,0.309735,0.282258,0.171429,0.281421,0.383481,0.664902,0.147493,0.310044,1.09091,0.196507,0.419214,0.384279,0.102273,0.102273,0.15625,0.333333,0.288429,-7.36304,34.487,1.80495,7.88826,24,79.7012
"246","Yasmani Grandal",2015,114,0.69,3.7,0.393484196089503,1.03400774505145,"Dodgers",115,355,426,0.152582,0.259155,0.215962,0.706522,0.352941,0.402817,0.755758,0.169014,0.268,1.22449,0.171103,0.456274,0.372624,0.153061,0.163265,0.0333333,0.25,0.33481,7.35596,55.281,2.27244,0.979434,26,115.422
"247","Delino DeShields",2015,115,0.619,4.3,0.0106875237031555,-0.998002118214845,"Rangers",121,425,492,0.107724,0.237647,0.205285,0.524752,0.34433,0.374118,0.718448,0.112941,0.334356,1.39806,0.19281,0.470588,0.336601,0.0582524,0.0194175,0.118056,0.413793,0.31695,1.47435,56.8243,1.25186,8.34354,22,93.6859
"248","Mark Canha",2015,123,0.676,3.9,0.318003162097829,0.633329743844017,"Athletics",124,441,485,0.0680412,0.217687,0.197938,0.34375,0.315464,0.426304,0.741768,0.172336,0.289157,1.03571,0.181034,0.416667,0.402299,0.142857,0.114286,0.0896552,0,0.322504,3.60573,58.1682,1.4202,5.07075,26,106.197
"249","Odubel Herrera",2015,144,0.635,3.7,0.0969515625507832,-0.540084402549199,"Phillies",147,495,537,0.0521415,0.260606,0.240223,0.217054,0.343985,0.418182,0.762167,0.121212,0.387187,1.60952,0.234637,0.472067,0.293296,0.0857143,0.0761905,0.106509,0.357143,0.33334,8.64192,69.0544,3.90655,5.31916,23,110.005
"250","Christian Yelich",2015,126,0.614,4.2,-0.0162699884367282,-1.14110140436036,"Marlins",126,476,525,0.0895238,0.212185,0.192381,0.465347,0.365714,0.415966,0.781681,0.115546,0.369565,4.16071,0.225201,0.624665,0.150134,0,0.125,0.0515021,0,0.342798,12.4164,71.4789,2.26463,4.80262,23,116.842
"251","Michael Taylor",2015,134,0.674,3.8,0.307220157241876,0.576090029385811,"Nationals",138,472,511,0.0684932,0.334746,0.309198,0.221519,0.282353,0.358051,0.640404,0.129237,0.311258,1.44792,0.221854,0.460265,0.317881,0.09375,0.145833,0.100719,0.533333,0.274144,-15.9472,41.5403,0.998574,5.25843,24,69.284
"252","Manny Machado",2015,162,0.618,4.4,0.00529602127517876,-1.02662197544395,"Orioles",162,633,713,0.0981767,0.175355,0.15568,0.630631,0.35865,0.50237,0.861019,0.21643,0.297352,1.13568,0.17795,0.437137,0.384913,0.140704,0.175879,0.0663717,0.545455,0.370155,32.4487,112.661,6.76605,4.19731,22,133.896
"253","Bryce Harper",2015,153,0.541,4.3,-0.409849665679029,-3.23035098208486,"Nationals",153,521,654,0.189602,0.25144,0.200306,0.946565,0.460245,0.648752,1.109,0.318618,0.369318,0.980519,0.221939,0.385204,0.392857,0.0584416,0.272727,0.0463576,1,0.461168,77.3247,150.9,9.48896,3.14435,22,197.462
"254","Carlos Sanchez",2015,118,0.68,3.6,0.339569171809736,0.747809172760428,"White Sox",120,389,420,0.0452381,0.208226,0.192857,0.234568,0.268116,0.326478,0.594594,0.102828,0.269737,2.33803,0.228013,0.540717,0.23127,0.084507,0.0704225,0.0301205,0,0.262182,-17.1217,30.1283,-0.161741,3.15822,23,60.3779
"255","Nick Castellanos",2015,152,0.679,3.9,0.334177669381759,0.719189315531325,"Tigers",154,549,595,0.0655462,0.276867,0.255462,0.256579,0.302521,0.418944,0.721465,0.163934,0.322165,0.895706,0.233251,0.362283,0.404467,0.0122699,0.0920245,0.0205479,0,0.310725,-1.1769,65.7606,-0.0817425,2.70725,23,94.2128
"256","J.T. Realmuto",2015,123,0.68,3.8,0.339569171809736,0.747809172760428,"Marlins",126,441,467,0.0406852,0.15873,0.149893,0.271429,0.2897,0.405896,0.695595,0.147392,0.284932,1.32283,0.213333,0.448,0.338667,0.0551181,0.0787402,0.0952381,0,0.297951,-5.69043,46.8471,1.78418,5.83763,24,86.105
"257","Leonys Martin",2015,88,0.683,3.5,0.355743679093666,NA,"Rangers",95,288,310,0.0516129,0.239583,0.222581,0.231884,0.263844,0.3125,0.576344,0.09375,0.269767,1.56522,0.15311,0.516746,0.330144,0.101449,0.0724638,0.0277778,0.428571,0.253786,-14.7171,20.1579,0.472747,4.56345,27,50.096
"258","Joc Pederson",2015,149,0.661,3.9,0.237130625678178,0.204031885407474,"Dodgers",151,480,585,0.157265,0.354167,0.290598,0.541176,0.346484,0.416667,0.76315,0.20625,0.262238,0.984848,0.157556,0.418006,0.424437,0.151515,0.19697,0.0307692,0.333333,0.334728,10.063,75.8755,2.83575,2.3864,23,115.365
"259","Joe Panik",2015,100,0.574,4.3,-0.231930085555797,-2.28589569352447,"Giants",100,382,432,0.087963,0.109948,0.0972222,0.904762,0.377622,0.455497,0.83312,0.143979,0.330357,1.27586,0.230321,0.431487,0.338192,0.0775862,0.0689655,0.0743243,0.5,0.362583,17.0466,65.6466,4.21917,3.813,24,137.725
"260","Cody Asche",2015,127,0.679,3.6,0.334177669381759,0.719189315531325,"Phillies",129,425,456,0.0570175,0.261176,0.243421,0.234234,0.29386,0.395294,0.689154,0.150588,0.30363,0.966942,0.232258,0.377419,0.390323,0.115702,0.0991736,0.0769231,0.4,0.297768,-5.62273,45.6773,-1.1247,2.80246,25,85.6258
"261","Nick Ahmed",2015,130,0.697,3.5,0.43122471308534,1.23434674565517,"Diamondbacks",134,421,459,0.0631808,0.192399,0.176471,0.358025,0.27533,0.35867,0.634,0.133017,0.257485,1.21774,0.169184,0.456193,0.374622,0.104839,0.0725806,0.0397351,0.352941,0.27583,-13.706,37.9315,1.65646,4.85857,25,66.9008
"262","Eddie Rosario",2015,122,0.637,3.9,0.107734567406737,-0.482844688090994,"Twins",122,453,474,0.0316456,0.260486,0.248945,0.127119,0.288747,0.459161,0.747908,0.192053,0.332308,0.963235,0.202985,0.391045,0.40597,0.117647,0.0955882,0.0763359,0.166667,0.315552,0.890699,54.2157,2.26324,6.78256,23,97.8286
"263","Xander Bogaerts",2015,154,0.604,4.2,-0.0701850127164955,-1.42729997665139,"Red Sox",156,613,654,0.0489297,0.164763,0.154434,0.316832,0.354839,0.420881,0.77572,0.101142,0.372047,2.05303,0.212891,0.529297,0.257812,0.106061,0.0530303,0.110701,0.166667,0.337938,12.9277,86.5027,4.27577,4.84718,22,109.449
"264","Rougned Odor",2015,118,0.653,4,0.193998606254364,-0.0249269724253484,"Rangers",120,426,470,0.0489362,0.185446,0.168085,0.291139,0.316239,0.464789,0.781028,0.204225,0.282738,1.15441,0.145773,0.457726,0.396501,0.191176,0.117647,0.089172,0.727273,0.333702,7.69949,60.5745,2.27116,5.51919,21,105.246
"265","Cory Spangenberg",2015,106,0.705,3.3,0.474356732509154,1.463305603488,"Padres",108,303,345,0.0811594,0.247525,0.217391,0.373333,0.333333,0.39934,0.732673,0.128713,0.343612,2.0566,0.25,0.50463,0.24537,0.0377358,0.0754717,0.0825688,0.434783,0.319092,1.62424,40.4367,2.06111,6.43449,24,105.457
"266","Jace Peterson",2015,150,0.661,4,0.237130625678178,0.204031885407474,"Braves",152,528,597,0.0938023,0.227273,0.201005,0.466667,0.313559,0.335227,0.648787,0.0965909,0.296296,1.45669,0.22,0.4625,0.3175,0.0708661,0.0472441,0.0648649,0.222222,0.286967,-12.5138,54.6487,1.07612,4.57876,25,79.9491
"267","Kevin Pillar",2015,157,0.67,4,0.285654147529969,0.4616106004694,"Blue Jays",159,586,628,0.044586,0.145051,0.13535,0.329412,0.314103,0.399317,0.71342,0.12116,0.305668,1.12707,0.219067,0.413793,0.36714,0.176796,0.0662983,0.0931373,0.176471,0.309774,-1.71942,68.9306,4.28865,5.82454,26,93.1679
"268","Kolten Wong",2015,150,0.633,4.1,0.0861685576948298,-0.597324117007405,"Cardinals",150,557,613,0.0587276,0.170557,0.154976,0.378947,0.32137,0.385996,0.707367,0.123878,0.296053,1.36184,0.224622,0.447084,0.328294,0.151316,0.0723684,0.057971,0.25,0.309525,-1.79991,67.1626,2.32374,5.26645,24,95.8172
"269","Marcus Semien",2015,155,0.65,3.9,0.177824098970434,-0.110786544112657,"Athletics",155,556,601,0.0698835,0.23741,0.219634,0.318182,0.31,0.404676,0.714676,0.147482,0.312195,0.981818,0.230588,0.381176,0.388235,0.0848485,0.0909091,0.0987654,0,0.310905,-1.10198,66.5105,1.71337,5.46362,24,98.1927
"270","C.J. Cron",2015,112,0.701,3.6,0.452790722797247,1.34882617457158,"Angels",113,378,404,0.0420792,0.216931,0.20297,0.207317,0.300248,0.439153,0.739402,0.177249,0.293286,1.1982,0.183946,0.444816,0.371237,0.18018,0.144144,0.0225564,0,0.317983,1.54403,46.994,0.498314,2.85694,25,105.459
"271","Eugenio Suarez",2015,96,0.627,4.1,0.0538195431269694,NA,"Reds",97,372,398,0.0427136,0.252688,0.236181,0.180851,0.314721,0.446237,0.760957,0.166667,0.340824,1.06542,0.207885,0.408602,0.383513,0.046729,0.121495,0.0701754,0.2,0.328413,4.83804,49.613,0.552345,4.0152,23,104.784
"272","Billy Burns",2015,124,0.59,4.5,-0.14566604670817,-1.82797797785883,"Athletics",125,520,555,0.0468468,0.155769,0.145946,0.320988,0.333935,0.392308,0.726243,0.0980769,0.33945,1.79339,0.215777,0.50348,0.280742,0.206612,0.0413223,0.138249,0.454545,0.317082,1.72163,64.1591,2.33633,7.23204,25,102.455
"273","Brad Miller",2015,141,0.675,3.5,0.312611659669853,0.604709886614914,"Mariners",144,438,497,0.0945674,0.230594,0.203219,0.465347,0.3286,0.401826,0.730427,0.143836,0.307229,1.54206,0.202346,0.483871,0.313783,0.0841122,0.102804,0.0606061,0.166667,0.319256,2.40514,58.3176,0.86506,4.98305,25,105.03
"274","George Springer",2015,102,0.603,4.4,-0.0755765151444722,-1.45591983388049,"Astros",102,388,451,0.110865,0.280928,0.241685,0.458716,0.367483,0.458763,0.826246,0.18299,0.342105,1.50588,0.244681,0.453901,0.301418,0.0352941,0.188235,0.09375,0,0.360461,17.0315,67.769,3.69023,5.35224,25,129.411
"275","James McCann",2015,111,0.674,3.8,0.307220157241876,0.576090029385811,"Tigers",114,401,425,0.0376471,0.224439,0.211765,0.177778,0.296912,0.386534,0.683446,0.122195,0.32459,1.84337,0.23127,0.498371,0.270358,0.0722892,0.0843373,0.0457516,0.333333,0.297214,-5.42862,42.3839,0.99149,3.10604,25,84.8894
"276","Gregory Polanco",2015,152,0.646,4.3,0.156258089258527,-0.225265973029068,"Pirates",153,593,652,0.0843558,0.204047,0.185583,0.454545,0.319508,0.381113,0.700621,0.124789,0.307527,1.30061,0.197002,0.453961,0.349036,0.0858896,0.0552147,0.0754717,0.75,0.304403,-4.5833,68.7667,2.28874,6.3365,23,94.357
"277","Francisco Lindor",2015,99,0.605,4.4,-0.0647935102885188,NA,"Indians",99,390,438,0.0616438,0.176923,0.157534,0.391304,0.352941,0.482051,0.834992,0.169231,0.348101,1.77174,0.205607,0.507788,0.286604,0.108696,0.130435,0.0981595,0.15,0.357765,15.5971,64.8721,4.57249,5.58966,21,128.395
"278","Chris Colabello",2015,100,0.6,3.6,-0.0917510224284024,-1.5417794055678,"Blue Jays",101,333,360,0.0611111,0.288288,0.266667,0.229167,0.366667,0.51952,0.886186,0.198198,0.410714,1.78125,0.252101,0.478992,0.268908,0.09375,0.234375,0.0438596,0,0.380908,19.4768,59.9768,0.834388,3.90345,31,142.258
"279","Nori Aoki",2015,93,0.623,4.2,0.0322535334150624,NA,"Giants",93,355,392,0.0765306,0.0704225,0.0637755,1.2,0.352941,0.380282,0.733223,0.0929577,0.298462,3.04615,0.193252,0.607362,0.199387,0.0615385,0.0769231,0.111111,0.4,0.325642,3.89704,47.997,1.46642,5.30204,33,112.407
"280","Yoenis Cespedes",2015,158,0.632,4.3,0.080777055266853,-0.625943974236508,"- - -",159,633,676,0.0488166,0.222749,0.20858,0.234043,0.328402,0.541864,0.870266,0.251185,0.322511,1.10106,0.203629,0.417339,0.379032,0.0904255,0.18617,0.0821256,0,0.367212,29.1749,105.225,6.73895,5.07003,29,135.349
"281","Blake Swihart",2015,82,0.66,3.8,0.231739123250202,NA,"Red Sox",84,288,309,0.0582524,0.267361,0.249191,0.233766,0.319218,0.392361,0.711579,0.118056,0.359223,1.65517,0.266667,0.457143,0.27619,0.12069,0.0862069,0.0520833,0,0.311677,-0.376162,34.3863,1.4568,4.88173,23,91.3258
"282","Mike Zunino",2015,106,0.708,3.6,0.490531239793084,1.5491651751753,"Mariners",112,350,386,0.0544041,0.377143,0.341969,0.159091,0.230159,0.3,0.530159,0.125714,0.239234,0.651376,0.174312,0.325688,0.5,0.146789,0.100917,0.0422535,0,0.235195,-24.0593,19.3657,-0.469239,1.33255,24,47.0187
"283","Jake Lamb",2015,107,0.667,3.6,0.269479640246039,0.375751028782091,"Diamondbacks",107,350,390,0.0923077,0.277143,0.248718,0.371134,0.330769,0.385714,0.716484,0.122857,0.344,1.38554,0.226562,0.449219,0.324219,0.0361446,0.0722892,0.0782609,0,0.311951,-0.389244,43.4858,1.98353,4.64669,24,91.6566
"284","Jose Ramirez",2015,90,0.711,3.9,0.506705747077014,NA,"Indians",97,315,355,0.0901408,0.12381,0.109859,0.820513,0.291429,0.339683,0.631111,0.120635,0.231618,1.31633,0.162362,0.476015,0.361624,0.132653,0.0612245,0.0775194,0.0833333,0.279934,-9.43616,30.5013,0.801404,6.5281,22,74.6833
"285","Mookie Betts",2015,142,0.615,4.6,-0.0108784860087514,-1.11248154713126,"Red Sox",145,597,654,0.0703364,0.137353,0.125382,0.560976,0.341014,0.479062,0.820076,0.187605,0.310139,0.9,0.194605,0.381503,0.423892,0.104545,0.0818182,0.0909091,0.25,0.35139,19.9573,93.5323,4.81616,6.67402,22,118.732
"286","Preston Tucker",2015,96,0.689,3.4,0.388092693661526,NA,"Astros",98,300,323,0.0619195,0.226667,0.210526,0.294118,0.297214,0.436667,0.73388,0.193333,0.273973,1.3012,0.176724,0.465517,0.357759,0.13253,0.156627,0.0833333,0,0.318028,1.24603,37.5835,0.276712,1.74043,24,100.127
"287","Matt Duffy",2015,148,0.648,4.1,0.167041094114481,-0.168026258570863,"Giants",149,573,612,0.0490196,0.167539,0.156863,0.3125,0.334426,0.427574,0.762,0.132635,0.336188,1.98425,0.208768,0.526096,0.265136,0.0314961,0.0944882,0.0793651,0.5,0.331248,8.8259,77.6759,4.93875,5.98183,24,116.25
"288","Addison Russell",2015,141,0.662,3.7,0.242522128106155,0.232651742636577,"Cubs",142,475,523,0.0803059,0.313684,0.284895,0.281879,0.306513,0.389474,0.695987,0.147368,0.32381,1.00758,0.182099,0.410494,0.407407,0.143939,0.0984849,0.0827068,0.4,0.303697,-3.97146,54.866,2.93585,3.32441,21,89.9676
"289","Carlos Correa",2015,99,0.646,4.4,0.156258089258527,NA,"Astros",99,387,432,0.0925926,0.20155,0.180556,0.51282,0.344907,0.511628,0.856535,0.232558,0.295533,1.67033,0.223642,0.485623,0.290735,0.0879121,0.241758,0.0855263,0,0.365067,17.9038,66.5038,3.28909,4.36304,20,132.589
"290","Jorge Soler",2015,101,0.624,4,0.0376450358430392,-0.85490283206933,"Cubs",101,366,404,0.0792079,0.330601,0.299505,0.264463,0.324257,0.398907,0.723164,0.136612,0.361345,1.41892,0.278226,0.423387,0.298387,0.121622,0.135135,0.12381,0,0.312216,-0.317527,45.1325,0.0697313,3.25954,23,95.8066
"291","Kris Bryant",2015,151,0.627,4.3,0.0538195431269694,-0.769043260382022,"Cubs",151,559,650,0.118462,0.355993,0.306154,0.386935,0.369231,0.488372,0.857603,0.21288,0.377581,0.757576,0.205479,0.342466,0.452055,0.0787879,0.157576,0.144,0,0.370767,29.8994,103.024,6.5422,5.42256,23,135.935
"292","Alex Guerrero",2015,104,0.713,2.2,0.517488751932968,1.69226446132082,"Dodgers",106,219,230,0.0304348,0.260274,0.247826,0.122807,0.26087,0.43379,0.69466,0.200913,0.261438,1.0625,0.195122,0.414634,0.390244,0.078125,0.171875,0.0735294,0,0.296903,-2.99505,22.8799,-0.22303,3.74239,28,89.4419
"293","Jose Abreu",2015,154,0.604,4.3,-0.0701850127164955,-1.42729997665139,"White Sox",154,613,668,0.0583832,0.228385,0.209581,0.278571,0.347305,0.502447,0.849752,0.212072,0.333333,1.47368,0.206751,0.472574,0.320675,0.105263,0.197368,0.0401786,0,0.36108,25.5566,100.707,3.00744,2.45636,28,128.628
"294","Yasmany Tomas",2015,117,0.667,3.6,0.269479640246039,0.375751028782091,"Diamondbacks",118,406,426,0.0399061,0.270936,0.258216,0.154545,0.305164,0.401478,0.706642,0.128079,0.354167,2.36232,0.218855,0.548822,0.232323,0.057971,0.130435,0.0736196,0,0.307084,-2.08183,45.8432,-1.33909,4.19084,24,88.3211
"295","Jung Ho Kang",2015,124,0.617,3.8,-0.0000954811527979696,-1.05524183267305,"Pirates",126,421,467,0.0599572,0.235154,0.211991,0.282828,0.35546,0.460808,0.816268,0.173397,0.344156,1.80899,0.226006,0.498452,0.275542,0.0674157,0.168539,0.0745342,0,0.35594,15.9487,68.4862,3.92602,4.04322,28,129.679
